Country Name,Country Code,Indicator Name,Indicator Code,1960,1961,1962,1963,1964,1965,1966,1967,1968,1969,1970,1971,1972,1973,1974,1975,1976,1977,1978,1979,1980,1981,1982,1983,1984,1985,1986,1987,1988,1989,1990,1991,1992,1993,1994,1995,1996,1997,1998,1999,2000,2001,2002,2003,2004,2005,2006,2007,2008,2009,2010,2011,2012,2013,2014,2015,2016,2017,2018,2019,2020,2021,2022,2023
Aruba,ABW,"Unemployment, total (% of total labor force) (modeled ILO estimate)",SL.UEM.TOTL.ZS,,,,,,,,,,,,,,,,,,,,,,,,,,,,,,,,,,,,,,,,,,,,,,,,,,,,,,,,,,,,,,,,
Africa Eastern and Southern,AFE,"Unemployment, total (% of total labor force) (modeled ILO estimate)",SL.UEM.TOTL.ZS,,,,,,,,,,,,,,,,,,,,,,,,,,,,,,,,7.83795113616611,7.99172477170547,7.98038176797268,7.84137246476089,7.56212953503767,7.44447110273865,7.38564671903988,7.44483800312432,7.5160380375719,7.4709109070127,7.34715131821916,7.30809987968472,7.26489854438636,7.06327006574482,6.8784969981739,6.80239422710592,6.74626567855077,6.73679806326994,6.85929443631757,7.27536390445428,7.14930120647393,6.98489436007991,6.90438303627979,6.88450041554073,6.98306405212527,7.15215693722101,7.27429827091257,7.2375625817518,7.42677683180796,7.91029051129784,8.30393895237642,7.74814436697914,7.74000813436174
Afghanistan,AFG,"Unemployment, total (% of total labor force) (modeled ILO estimate)",SL.UEM.TOTL.ZS,,,,,,,,,,,,,,,,,,,,,,,,,,,,,,,,7942,7.94,7945,7947,7942,7934,7932,7939,7942,7942,7942,7935,7929,7926,7925,7925,7924,7928,7923,7921,7918,7914,7914,7.91,9002,10092,11.18,11131,11082,11.71,12075,14.1,15378
Africa Western and Central,AFW,"Unemployment, total (% of total labor force) (modeled ILO estimate)",SL.UEM.TOTL.ZS,,,,,,,,,,,,,,,,,,,,,,,,,,,,,,,,4.32594235231277,4.44591927443973,4.59028710177184,4.62285416980073,4.61133475862421,4.51458149354369,4.47092693388607,4.4821582334481,4.70965317261658,4.76767886576912,4.69261930197615,4.47071610263136,4.37286435174387,4.30641264330599,4.33538437217796,4.21889866548784,4.19595476663819,4.21185397948451,4.2524911462233,4.22575462307302,4.2018548985661,4.15926428541131,3.81621610469801,3.93212535194556,4.19757556455217,4.16412980931709,4.23848207176104,4.26669497383699,4.27748276166884,4.73750086375672,4.58501420176174,3.80907954950306,3.66450029100675
Angola,AGO,"Unemployment, total (% of total labor force) (modeled ILO estimate)",SL.UEM.TOTL.ZS,,,,,,,,,,,,,,,,,,,,,,,,,,,,,,,,16668,16857,17.46,17483,16924,15967,15.84,16117,16.43,16562,16597,16317,16.34,16187,16173,15969,15905,16013,16298,16551,16.77,16495,16423,16317,16448,16577,16639,16626,16.5,16698,15.8,14478,14223
Albania,ALB,"Unemployment, total (% of total labor force) (modeled ILO estimate)",SL.UEM.TOTL.ZS,,,,,,,,,,,,,,,,,,,,,,,,,,,,,,,,10307,30015,25258,20.84,14611,13931,16876,20047,20.84,19028,18575,17895,16989,16.31,15.97,15.63,15.97,13.06,13.67,14.09,13.48,13.38,15.87,18.05,17.19,15.42,13.62,12.3,11.47,12833,12.59,11629,11083
Andorra,AND,"Unemployment, total (% of total labor force) (modeled ILO estimate)",SL.UEM.TOTL.ZS,,,,,,,,,,,,,,,,,,,,,,,,,,,,,,,,,,,,,,,,,,,,,,,,,,,,,,,,,,,,,,,,
Arab World,ARB,"Unemployment, total (% of total labor force) (modeled ILO estimate)",SL.UEM.TOTL.ZS,,,,,,,,,,,,,,,,,,,,,,,,,,,,,,,,11.6738491154699,11.9046486960271,12.6295252651935,12.7500671178108,13.2111204221529,12.222114301674,11.7345282312356,11.7008890539488,11.8602953211907,12.3460923778058,12.2280635677478,12.2477503783721,12.2091494278513,11.2353082915185,11.0601119508797,10.3522880255083,9.96470740409144,9.67790375210591,9.30756334586608,9.38322937772066,10.4776010273128,10.9583555841093,11.0297127683119,11.1202671823228,11.2827612788492,11.0765470573746,11.4538398420315,11.0592488817314,10.6735671418821,11.9750180307292,11.6841761177132,10.7328834167905,10.7582833461383
United Arab Emirates,ARE,"Unemployment, total (% of total labor force) (modeled ILO estimate)",SL.UEM.TOTL.ZS,,,,,,,,,,,,,,,,,,,,,,,,,,,,,,,,1.66,1737,1907,1838,1.8,1841,1914,2071,2195,2.25,2441,2653,2892,2963,3.12,2.96,2917,2795,2887,2756,2544,2256,2.07,1956,1789,1.64,2.46,2.24,2.33,4.29,3.11,2971,2953
Argentina,ARG,"Unemployment, total (% of total labor force) (modeled ILO estimate)",SL.UEM.TOTL.ZS,,,,,,,,,,,,,,,,,,,,,,,,,,,,,,,,5.44,6.36,10.1,11.76,18.8,17.11,14.82,12.65,14.05,15,17.32,19.59,15.36,13.52,11.51,10.08,8.47,7.84,8.65,7.71,7.18,7.22,7.1,7.27,7583,8085,8.35,9.22,9.84,11.46,8.74,6805,6841
Armenia,ARM,"Unemployment, total (% of total labor force) (modeled ILO estimate)",SL.UEM.TOTL.ZS,,,,,,,,,,,,,,,,,,,,,,,,,,,,,,,,1.6,1.8,5.3,6.6,6.7,9.3,10.8,9.4,11.2,11023,10848,10651,10463,10.3,10137,9979,9.81,10126,10512,10851,11.16,11385,11682,11989,12308,12625,12914,13.21,12.2,12.18,10.01,8588,8378
American Samoa,ASM,"Unemployment, total (% of total labor force) (modeled ILO estimate)",SL.UEM.TOTL.ZS,,,,,,,,,,,,,,,,,,,,,,,,,,,,,,,,,,,,,,,,,,,,,,,,,,,,,,,,,,,,,,,,
Antigua and Barbuda,ATG,"Unemployment, total (% of total labor force) (modeled ILO estimate)",SL.UEM.TOTL.ZS,,,,,,,,,,,,,,,,,,,,,,,,,,,,,,,,,,,,,,,,,,,,,,,,,,,,,,,,,,,,,,,,
Australia,AUS,"Unemployment, total (% of total labor force) (modeled ILO estimate)",SL.UEM.TOTL.ZS,,,,,,,,,,,,,,,,,,,,,,,,,,,,,,,,9.59,10.73,10.88,9.72,8.47,8.51,8.37,7.68,6.88,6.29,6.75,6.38,5.93,5.4,5.04,4.79,4.38,4.24,5.57,5.21,5.08,5.23,5.66,6.08,6.06,5.71,5.59,5.3,5.16,6.46,5.12,3.7,3618
Austria,AUT,"Unemployment, total (% of total labor force) (modeled ILO estimate)",SL.UEM.TOTL.ZS,,,,,,,,,,,,,,,,,,,,,,,,,,,,,,,,3.42,3.59,4.25,3.54,4.35,5.28,5.15,5.52,4.7,4.69,4.01,4.85,4.78,5.97,5.68,5.32,4.91,4.2,5.37,4.88,4.64,4.91,5.37,5.67,5.8,6.06,5.56,4.93,4.56,5.2,6.46,4.99,5268
Azerbaijan,AZE,"Unemployment, total (% of total labor force) (modeled ILO estimate)",SL.UEM.TOTL.ZS,,,,,,,,,,,,,,,,,,,,,,,,,,,,,,,,0.9,1.8,4.5,6.3,7.2,8.1,9.1,10,10.9,11.78,10.91,10.04,9.17,7.99,7.26,6.62,6.33,5.86,5.74,5.63,5.42,5.19,4.97,4.91,4.96,5,5,4.9,5,7.24,6.04,5.65,5.64
Burundi,BDI,"Unemployment, total (% of total labor force) (modeled ILO estimate)",SL.UEM.TOTL.ZS,,,,,,,,,,,,,,,,,,,,,,,,,,,,,,,,3195,3252,3381,3347,3391,3399,3307,3212,3.29,3285,3239,3202,3281,3.19,3244,3.18,2424,1.63,1625,1604,1602,1589,1575,1.57,1517,1383,1263,1143,1027,1.03,1138,906,0.86
Belgium,BEL,"Unemployment, total (% of total labor force) (modeled ILO estimate)",SL.UEM.TOTL.ZS,,,,,,,,,,,,,,,,,,,,,,,,,,,,,,,,6.98,6.7,8.08,9.65,9.34,9.48,8.95,9.32,8.65,6.59,6.18,6.91,7.68,7.36,8.44,8.25,7.46,6.98,7.91,8.29,7.14,7.54,8.43,8.52,8.48,7.83,7.09,5.95,5.36,5.55,6.26,5.56,5541
Benin,BEN,"Unemployment, total (% of total labor force) (modeled ILO estimate)",SL.UEM.TOTL.ZS,,,,,,,,,,,,,,,,,,,,,,,,,,,,,,,,1691,1.51,1517,1495,1.32,1273,1.1,1.06,955,868,763,0.69,752,796,877,898,0.9,872,0.93,1.04,2.65,2392,2044,1808,1811,1843,1749,1.47,1372,1616,1784,1476,1411
Burkina Faso,BFA,"Unemployment, total (% of total labor force) (modeled ILO estimate)",SL.UEM.TOTL.ZS,,,,,,,,,,,,,,,,,,,,,,,,,,,,,,,,2431,2481,2.38,2.58,2.53,2428,2394,2.44,2565,2721,2.78,2.91,2.78,3508,4,3676,3.3,3525,3779,3741,3836,3825,4054,4.28,4526,4651,4691,4.69,4708,5148,5.36,5065,5001
Bangladesh,BGD,"Unemployment, total (% of total labor force) (modeled ILO estimate)",SL.UEM.TOTL.ZS,,,,,,,,,,,,,,,,,,,,,,,,,,,,,,,,2.2,2.26,2323,2385,2448,2.51,2.7,2.89,3081,3.27,3617,3968,4.32,4288,4.25,3.59,4055,4525,5,3.38,3.73,4079,4.43,4405,4379,4.35,4.37,4373,4376,5316,5246,4271,4186
Bulgaria,BGR,"Unemployment, total (% of total labor force) (modeled ILO estimate)",SL.UEM.TOTL.ZS,,,,,,,,,,,,,,,,,,,,,,,,,,,,,,,,11.1,15.3,16.4,12.8,11.1,12.5,13.7,12.2,14.1,16.22,19.92,18.11,13.73,12.04,10.08,8.95,6.88,5.61,6.82,10.28,11.26,12.27,12.94,11.42,9.14,7.57,6.16,5.21,4.23,5.12,5.27,4.27,4185
Bahrain,BHR,"Unemployment, total (% of total labor force) (modeled ILO estimate)",SL.UEM.TOTL.ZS,,,,,,,,,,,,,,,,,,,,,,,,,,,,,,,,1144,1059,963,1094,1129,1258,1202,1186,1.18,1145,1176,1187,1169,1101,1052,1046,1027,1.03,1077,1.13,1207,1.2,1182,1147,1166,1193,1192,1198,1.22,1786,1548,1339,1303
"Bahamas, The",BHS,"Unemployment, total (% of total labor force) (modeled ILO estimate)",SL.UEM.TOTL.ZS,,,,,,,,,,,,,,,,,,,,,,,,,,,,,,,,12.17,14.81,12.72,13.83,10.83,11.46,9.76,7.65,7.45,7238,6.87,9.05,10.84,10.2,10.2,7.54,7.88,8.18,14.25,14433,14.52,14.02,16.18,13.8,12,12.7,9.8,10,9933,12563,11579,10089,9503
Bosnia and Herzegovina,BIH,"Unemployment, total (% of total labor force) (modeled ILO estimate)",SL.UEM.TOTL.ZS,,,,,,,,,,,,,,,,,,,,,,,,,,,,,,,,17.55,18511,19451,20289,21066,21838,22699,23596,24554,25483,26489,27432,28416,29293,30213,31.11,28.98,23.41,24.07,27.31,27.58,28.01,27.49,27.52,27.69,25.41,20.53,18.4,15.69,15.87,14.9,12.66,11827
Belarus,BLR,"Unemployment, total (% of total labor force) (modeled ILO estimate)",SL.UEM.TOTL.ZS,,,,,,,,,,,,,,,,,,,,,,,,,,,,,,,,0.6,3.1,8.5,12.8,17.7,24.4,17.1,14,12.8,12169,11519,10832,10149,9436,8742,8059,7404,6732,6.1,6054,6022,5968,5944,5908,5878,5.84,5.65,4.76,4.16,4.05,3.9,3.57,3467
Belize,BLZ,"Unemployment, total (% of total labor force) (modeled ILO estimate)",SL.UEM.TOTL.ZS,,,,,,,,,,,,,,,,,,,,,,,,,,,,,,,,9643,9659,9.78,11.1,12.48,13.82,12.68,14.31,12.84,10808,9.07,10.04,10363,10601,10.91,9.39,8.51,8.18,8335,8424,8435,8.38,8.35,8.24,7.58,7,6.6,7899,9.05,10619,10.16,8672,8219
Bermuda,BMU,"Unemployment, total (% of total labor force) (modeled ILO estimate)",SL.UEM.TOTL.ZS,,,,,,,,,,,,,,,,,,,,,,,,,,,,,,,,,,,,,,,,,,,,,,,,,,,,,,,,,,,,,,,,
Bolivia,BOL,"Unemployment, total (% of total labor force) (modeled ILO estimate)",SL.UEM.TOTL.ZS,,,,,,,,,,,,,,,,,,,,,,,,,,,,,,,,2934,3032,3051,3.08,2665,2375,2.08,2122,2299,2439,2622,2603,2653,2615,2597,2574,2612,2.6,2.97,2604,2.25,2.07,2.44,2.02,3.11,3.5,3.65,3.52,3.68,7.9,5.09,3552,4059
Brazil,BRA,"Unemployment, total (% of total labor force) (modeled ILO estimate)",SL.UEM.TOTL.ZS,,,,,,,,,,,,,,,,,,,,,,,,,,,,,,,,6254,6.42,6.03,6577,7.09,8.03,9,10.15,11.13,10894,10.65,10.64,11.17,10.07,10.55,9.69,9.28,8.27,9.42,8426,7.58,7.25,7.07,6.76,8.54,11.58,12.79,12.33,11.94,13.7,13.16,9.23,7776
Barbados,BRB,"Unemployment, total (% of total labor force) (modeled ILO estimate)",SL.UEM.TOTL.ZS,,,,,,,,,,,,,,,,,,,,,,,,,,,,,,,,22318,22.94,24.54,22.98,19.66,14.71,14.61,12.4,10.61,9.35,9.85,10.32,11,9.57,9.08,8.73,7.41,8.12,10.02,10.69,11.19,11.59,11.55,12.17,9.8,8.25,8.62,8.32,8.41,9743,9479,8501,7955
Brunei Darussalam,BRN,"Unemployment, total (% of total labor force) (modeled ILO estimate)",SL.UEM.TOTL.ZS,,,,,,,,,,,,,,,,,,,,,,,,,,,,,,,,4.7,4792,4889,4985,5081,5174,5273,5371,5465,5554,5643,5734,5826,5.92,6015,6106,6198,6293,6393,6483,6569,6.66,6759,6.86,7683,8505,9.32,8.7,6.6,7.41,4.91,4452,4463
Bhutan,BTN,"Unemployment, total (% of total labor force) (modeled ILO estimate)",SL.UEM.TOTL.ZS,,,,,,,,,,,,,,,,,,,,,,,,,,,,,,,,1382,1385,1.39,1391,1393,1395,1397,1.4,1.4,1.65,1.9,1.85,1.8,2.49,3.1,3.13,3.7,3831,3.96,3.32,3.23,2.05,2.87,2.63,2.45,2747,3048,3.35,2.72,5.03,4.8,5.95,6037
Botswana,BWA,"Unemployment, total (% of total labor force) (modeled ILO estimate)",SL.UEM.TOTL.ZS,,,,,,,,,,,,,,,,,,,,,,,,,,,,,,,,13.82,16.35,18772,21.2,21393,21.59,20976,20.86,18182,15.88,18.54,21308,23.8,21739,19865,17.78,16901,16.18,16.17,17.86,18039,17803,18059,18397,18878,19336,19702,19618,20.09,21.02,23.11,23.62,23607
Central African Republic,CAF,"Unemployment, total (% of total labor force) (modeled ILO estimate)",SL.UEM.TOTL.ZS,,,,,,,,,,,,,,,,,,,,,,,,,,,,,,,,5.73,5859,5926,5953,5877,5.82,5746,5.72,5719,5675,5713,5745,5766,5704,5684,5623,5584,5537,5644,5759,5732,5682,5.72,5833,6011,6061,6108,6.02,6079,6.66,6812,6341,6256
Canada,CAN,"Unemployment, total (% of total labor force) (modeled ILO estimate)",SL.UEM.TOTL.ZS,,,,,,,,,,,,,,,,,,,,,,,,,,,,,,,,10.32,11.2,11.38,10.4,9.49,9.62,9.1,8.28,7.58,6.83,7.22,7.66,7.57,7.19,6.76,6.48,6.16,6.28,8.46,8.18,7.64,7.39,7.14,7.02,6.95,7.04,6.43,5.84,5.69,9.66,7.53,5.28,5418
Central Europe and the Baltics,CEB,"Unemployment, total (% of total labor force) (modeled ILO estimate)",SL.UEM.TOTL.ZS,,,,,,,,,,,,,,,,,,,,,,,,,,,,,,,,9.52667237746523,10.1368542568215,11.3952042262289,11.2442296860213,10.7203465633113,10.0804362924237,9.2129476935659,9.01896674124502,10.4177955397768,12.4122026945086,13.2345834018288,13.7599155395559,13.0049796734437,12.9263424821816,12.0617678832545,10.1049076368076,7.81158468029455,6.60814660135662,8.48773484172855,9.89989575629486,9.78929913456397,9.9797135661767,10.0509610213511,8.86501580522353,7.81910913483646,6.49025773596491,5.29796790558414,4.31746094616826,3.78153133878797,4.37009587653034,4.48544006439085,4.00703037961522,4.03026940983741
Switzerland,CHE,"Unemployment, total (% of total labor force) (modeled ILO estimate)",SL.UEM.TOTL.ZS,,,,,,,,,,,,,,,,,,,,,,,,,,,,,,,,1.82,2.34,3.55,3.58,3.09,3.68,4.13,3.57,3.05,2.66,2.49,2.92,4.12,4.32,4.44,3.99,3.64,3.35,4.11,4.81,4.41,4.49,4.75,4.83,4.8,4.92,4.8,4.71,4.39,4.82,5.1,4.3,3838
Channel Islands,CHI,"Unemployment, total (% of total labor force) (modeled ILO estimate)",SL.UEM.TOTL.ZS,,,,,,,,,,,,,,,,,,,,,,,,,,,,,,,,5681,6121,7073,7251,6999,6928,6.72,6316,5949,5391,5082,5351,5678,5876,5806,5511,5209,5277,6622,6969,7206,8.01,8557,8354,7973,7522,6949,6415,6267,6718,6727,6033,5937
Chile,CHL,"Unemployment, total (% of total labor force) (modeled ILO estimate)",SL.UEM.TOTL.ZS,,,,,,,,,,,,,,,,,,,,,,,,,,,,,,,,5.23,4.35,4.49,5.87,4.7,7.41,7.14,7.31,11.16,10.49,10.39,10.17,9.77,10.16,9.34,9.02,8.43,9.29,11.31,8.41,7.32,6.64,6.2,6.65,6.49,6.73,6.95,7.21,7.27,10.94,9.28,8.25,9071
China,CHN,"Unemployment, total (% of total labor force) (modeled ILO estimate)",SL.UEM.TOTL.ZS,,,,,,,,,,,,,,,,,,,,,,,,,,,,,,,,2.37,2.37,2.69,2.9,3,3.12,3.23,3.24,3.25,3.26,3.8,4.24,4.58,4.49,4.52,4.43,4.35,4.59,4.72,4.53,4.55,4.58,4.6,4.63,4.65,4.56,4.47,4.31,4.56,5,4.55,4.98,4967
Cote d'Ivoire,CIV,"Unemployment, total (% of total labor force) (modeled ILO estimate)",SL.UEM.TOTL.ZS,,,,,,,,,,,,,,,,,,,,,,,,,,,,,,,,6564,6.7,5.88,5074,4.1,4019,3.92,4.1,4458,4948,5369,5726,6119,6128,6193,6103,6388,6435,6601,6558,7199,7.22,4.25,3206,2537,1.9,3.27,2831,2.4,2636,2713,2489,2429
Cameroon,CMR,"Unemployment, total (% of total labor force) (modeled ILO estimate)",SL.UEM.TOTL.ZS,,,,,,,,,,,,,,,,,,,,,,,,,,,,,,,,9348,9452,9597,9203,8807,8.06,7829,7649,7556,7516,7.46,6715,5898,5058,4.4,3727,3.06,3373,3735,4.11,3996,3.84,3687,3.53,3507,3522,3583,3632,3665,3994,4145,3779,3696
"Congo, Dem. Rep.",COD,"Unemployment, total (% of total labor force) (modeled ILO estimate)",SL.UEM.TOTL.ZS,,,,,,,,,,,,,,,,,,,,,,,,,,,,,,,,3371,3513,3624,3555,3388,3216,3246,3283,3333,3356,3366,3265,3098,2987,2.95,3179,3412,3638,3906,4122,4.34,4.49,4469,4427,4435,4556,4675,4703,4.67,5489,5508,4685,4499
"Congo, Rep.",COG,"Unemployment, total (% of total labor force) (modeled ILO estimate)",SL.UEM.TOTL.ZS,,,,,,,,,,,,,,,,,,,,,,,,,,,,,,,,19.98,19984,20.07,20403,20351,20136,19944,19962,20252,19913,19912,19629,19908,19925,19.8,19516,19928,19995,19851,19199,19368,19444,19883,19709,20275,20715,21212,21275,20808,22667,22622,20477,19858
Colombia,COL,"Unemployment, total (% of total labor force) (modeled ILO estimate)",SL.UEM.TOTL.ZS,,,,,,,,,,,,,,,,,,,,,,,,,,,,,,,,10.12,9.44,7.8,8.25,8.72,11.81,12.14,15,20.06,20.52,15.04,14.48,13.22,13.72,11.06,11089,11.2,11.27,12.07,11.15,10.29,9.96,9.25,8.8,8.57,8.92,9.09,9.36,10.28,15.98,13.9,10.55,9414
Comoros,COM,"Unemployment, total (% of total labor force) (modeled ILO estimate)",SL.UEM.TOTL.ZS,,,,,,,,,,,,,,,,,,,,,,,,,,,,,,,,4943,4543,4609,4602,4764,4912,4589,4663,4554,4.34,4307,4294,4562,4.57,4583,4595,4662,4655,4666,4599,4624,4657,4665,4764,4865,4937,4.91,4857,4944,5776,5.86,5745,5695
Cabo Verde,CPV,"Unemployment, total (% of total labor force) (modeled ILO estimate)",SL.UEM.TOTL.ZS,,,,,,,,,,,,,,,,,,,,,,,,,,,,,,,,13749,13.61,13393,12915,12838,12777,13001,13056,13068,12989,13278,13452,13752,13524,13481,13376,13.24,13252,13.52,10.67,10967,11145,11395,11715,11954,12087,12.24,12.17,12147,14588,14091,12.44,12066
Costa Rica,CRI,"Unemployment, total (% of total labor force) (modeled ILO estimate)",SL.UEM.TOTL.ZS,,,,,,,,,,,,,,,,,,,,,,,,,,,,,,,,5.37,3.93,3.95,4.05,5.18,6.16,5.68,5.33,5.9,5.08,6.05,6.4,6.65,6.44,6.75,5.93,4.56,4.93,7.82,7.17,9.52,9.11,8.22,8.5,8.42,8.09,7.73,9.01,10.81,16.43,15.14,11.32,8518
Caribbean small states,CSS,"Unemployment, total (% of total labor force) (modeled ILO estimate)",SL.UEM.TOTL.ZS,,,,,,,,,,,,,,,,,,,,,,,,,,,,,,,,11.804020119429,12.285158645742,12.1298692981861,11.8049189893287,11.0125067296309,10.9051786453419,10.6397396814074,10.4032724649228,10.0886793811466,9.65044100060392,9.27999825716979,9.34778819101341,9.45760706086954,8.74547939941598,8.5639092754174,7.81570550317312,7.52554060228557,7.35112708389746,8.39032366262106,8.30673559457127,8.48112202298172,8.8481558813719,9.1959992155805,8.76132868544013,8.46555488897215,8.55268224407615,7.86805829438119,7.15782022573769,6.80086660120618,8.35040543198105,8.04841797955293,7.06719247597651,6.63630934013128
Cuba,CUB,"Unemployment, total (% of total labor force) (modeled ILO estimate)",SL.UEM.TOTL.ZS,,,,,,,,,,,,,,,,,,,,,,,,,,,,,,,,8321,8793,9283,8812,8.27,7.61,7.1,6.23,6.26,5.45,4.08,3.31,2.33,1.85,1.95,1.91,1.79,1.58,1.67,2.5,3.18,3.46,3.29,2.7,2.4,2,1.7,1.7,1.2,1.4,1388,1254,1177
Curacao,CUW,"Unemployment, total (% of total labor force) (modeled ILO estimate)",SL.UEM.TOTL.ZS,,,,,,,,,,,,,,,,,,,,,,,,,,,,,,,,,,,,,,,,,,,,,,,,,,,,,,,,,,,,,,,,
Cayman Islands,CYM,"Unemployment, total (% of total labor force) (modeled ILO estimate)",SL.UEM.TOTL.ZS,,,,,,,,,,,,,,,,,,,,,,,,,,,,,,,,,,,,,,,,,,,,,,,,,,,,,,,,,,,,,,,,
Cyprus,CYP,"Unemployment, total (% of total labor force) (modeled ILO estimate)",SL.UEM.TOTL.ZS,,,,,,,,,,,,,,,,,,,,,,,,,,,,,,,,3,2.09,2.7,2.7,2.6,3.1,3.4,3.3,5.53,4.77,4.04,3.34,4.15,4.77,5.48,4.59,3.95,3.76,5.59,6.36,7.94,12.1,16.13,16.28,15.03,13.01,11.16,8.5,7.15,7.76,7.51,6.78,6.43
Czechia,CZE,"Unemployment, total (% of total labor force) (modeled ILO estimate)",SL.UEM.TOTL.ZS,,,,,,,,,,,,,,,,,,,,,,,,,,,,,,,,2.27,2.6,4.32,4.3,4.02,3.89,4.79,6.45,8.7,8.76,8.13,7.28,7.78,8.3,7.93,7.14,5.32,4.39,6.66,7.28,6.71,6.98,6.95,6.11,5.05,3.95,2.89,2.25,2.02,2.55,2.8,2.22,2.56
Germany,DEU,"Unemployment, total (% of total labor force) (modeled ILO estimate)",SL.UEM.TOTL.ZS,,,,,,,,,,,,,,,,,,,,,,,,,,,,,,,,5.32,6.32,7.68,8.73,8.16,8.82,9.86,9.79,8.85,7.92,7.77,8.48,9.78,10.73,11.17,10.25,8.66,7.52,7.74,6.97,5.82,5.38,5.23,4.98,4.62,4.12,3.75,3.38,3.14,3.86,3.64,3.14,3006
Djibouti,DJI,"Unemployment, total (% of total labor force) (modeled ILO estimate)",SL.UEM.TOTL.ZS,,,,,,,,,,,,,,,,,,,,,,,,,,,,,,,,27481,27274,28.08,27957,28217,28011,27.99,27743,27307,27176,27063,27036,26876,26812,26815,26707,26562,26391,26578,26624,26526,26324,26266,26273,26105,25972,26.06,26218,26307,27848,27963,26666,26281
Dominica,DMA,"Unemployment, total (% of total labor force) (modeled ILO estimate)",SL.UEM.TOTL.ZS,,,,,,,,,,,,,,,,,,,,,,,,,,,,,,,,,,,,,,,,,,,,,,,,,,,,,,,,,,,,,,,,
Denmark,DNK,"Unemployment, total (% of total labor force) (modeled ILO estimate)",SL.UEM.TOTL.ZS,,,,,,,,,,,,,,,,,,,,,,,,,,,,,,,,9.1,9.03,10.72,8.04,6.99,6.84,5.4,5.04,5.14,4.48,4.16,4.27,5.4,5.2,4.83,3.9,3.8,3.68,6.41,7.75,7.77,7.8,7.38,6.93,6.28,5.99,5.83,5.13,5.02,5.64,5.04,4.43,4832
Dominican Republic,DOM,"Unemployment, total (% of total labor force) (modeled ILO estimate)",SL.UEM.TOTL.ZS,,,,,,,,,,,,,,,,,,,,,,,,,,,,,,,,6904,6693,6323,6282,6444,6491,6.32,6298,6305,6.43,7.26,6.78,6.94,6.3,6.59,5.65,5.16,4.76,5.47,5.21,6.09,6.72,7.35,6.72,7.61,7.28,5.83,5.86,6.18,6.13,7.7,5504,5606
Algeria,DZA,"Unemployment, total (% of total labor force) (modeled ILO estimate)",SL.UEM.TOTL.ZS,,,,,,,,,,,,,,,,,,,,,,,,,,,,,,,,20.6,24.38,26.23,27.74,31.84,28.32,25.43,26856,28542,29.77,27.3,25.9,23.72,17.65,15.27,12.27,13.79,11.33,10.16,9.96,9.96,10.97,9.82,10.21,11.21,10.2,12,12145,12275,14036,13729,12491,12.25
East Asia & Pacific (excluding high income),EAP,"Unemployment, total (% of total labor force) (modeled ILO estimate)",SL.UEM.TOTL.ZS,,,,,,,,,,,,,,,,,,,,,,,,,,,,,,,,2.40868688873773,2.37626664978294,2.62651170805271,2.92283063882533,3.00543202150033,3.1099111105709,3.20225416979429,3.36869905690853,3.46054733130835,3.41672632904063,3.8422291633314,4.15818361624952,4.4083309371018,4.40055337202312,4.47748878031509,4.37167245265056,4.35127738020589,4.4349808076092,4.42054174698323,4.15844676927635,4.10969869282279,4.0494344187653,4.0509050482513,4.04700569878187,4.12121777129439,4.03913155694699,3.91713408174892,3.81080748639605,3.89686497567486,4.37373307273975,4.12836690947731,4.23740049297462,4.19310920058881
Early-demographic dividend,EAR,"Unemployment, total (% of total labor force) (modeled ILO estimate)",SL.UEM.TOTL.ZS,,,,,,,,,,,,,,,,,,,,,,,,,,,,,,,,5.86031664662687,5.92595733243769,6.08887350903394,6.36785085970368,6.72918534761675,6.67381929021089,6.60959728594906,6.78722370822624,7.063860583425,7.14371361217553,7.28946332733586,7.56814644531713,7.56192782880094,7.53105500927996,7.5388289624095,7.24479414878001,7.1536397841859,7.04342235321439,7.12497937985215,6.94217039921406,6.80542321419042,6.84616675228026,6.78146805501331,6.71183226190046,6.85906024121335,6.76690054202839,6.68985251311337,6.70034935714254,6.22721210594172,7.26435847815034,6.6479446186176,5.54924509891766,5.36328583458008
East Asia & Pacific,EAS,"Unemployment, total (% of total labor force) (modeled ILO estimate)",SL.UEM.TOTL.ZS,,,,,,,,,,,,,,,,,,,,,,,,,,,,,,,,2.46369969199116,2.45503918279787,2.71184828593397,2.98023623009582,3.05336386454225,3.16125207897278,3.25052778857386,3.53966144543137,3.64657679996707,3.55077937442137,3.94589299518219,4.24539043358147,4.46598066207608,4.41937677304494,4.46644863845637,4.34407490805323,4.29580138200837,4.37514293462685,4.4569341660655,4.21014642835014,4.12351744492186,4.05560435589118,4.04101792508488,4.02267080742177,4.089824255478,4.00069375579397,3.87099348459958,3.75248835876066,3.8181239720199,4.30524685301617,4.06166788681147,4.10694616200277,4.06284472103437
Europe & Central Asia (excluding high income),ECA,"Unemployment, total (% of total labor force) (modeled ILO estimate)",SL.UEM.TOTL.ZS,,,,,,,,,,,,,,,,,,,,,,,,,,,,,,,,4.88439046799974,5.3843203875297,6.07470875301526,7.67972748014085,8.99278399577056,9.90762594204464,10.953653858203,12.0605217077723,12.2395318177919,10.8572056925952,10.1968680825599,9.6858897511848,9.51989044991397,9.19004553061668,8.58083755123785,8.06492129297621,7.28265855242252,7.2732734076491,9.00252853085673,8.35879192571193,7.70540703985852,7.10903801470561,7.1317109542065,7.35854659641144,7.48525282243532,7.50635101874211,7.29352572825865,6.94613831059835,7.08718140999828,7.62351321102096,7.1348764037022,5.88193160383525,5.36381665708604
Europe & Central Asia,ECS,"Unemployment, total (% of total labor force) (modeled ILO estimate)",SL.UEM.TOTL.ZS,,,,,,,,,,,,,,,,,,,,,,,,,,,,,,,,6.91056787508269,7.49886269683037,8.62770006319701,9.62772862560671,9.90683042147484,10.2503400578725,10.5039020638144,10.6900733785318,10.5924928147922,9.76947941846535,9.08408486394731,9.09482251561735,9.11424360799183,9.08778486703449,8.73570569710677,8.08632607540702,7.17048546833564,7.0756273083152,8.90648627283672,8.98065787613222,8.72809584168393,8.94391992779116,9.14682728078467,8.89320611377443,8.50542338566841,8.03745382218081,7.43147695752876,6.83368884701296,6.58894910785223,7.05112568030527,6.87195306495498,5.82109436052522,5.5735731983644
Ecuador,ECU,"Unemployment, total (% of total labor force) (modeled ILO estimate)",SL.UEM.TOTL.ZS,,,,,,,,,,,,,,,,,,,,,,,,,,,,,,,,4354,4311,4384,4389,4386,4399,4398,4358,4645,4.8,4.25,4824,5.66,5,3.78,3.55,3.14,3.92,4.61,4.09,3.46,3.23,3.08,3.48,3.62,4.6,3.84,3.53,3.81,6.13,4.55,3.76,3552
"Egypt, Arab Rep.",EGY,"Unemployment, total (% of total labor force) (modeled ILO estimate)",SL.UEM.TOTL.ZS,,,,,,,,,,,,,,,,,,,,,,,,,,,,,,,,9.38,8.92,10.92,10.93,11.04,9,8.37,8.03,7.95,8.98,9.26,10.01,10.91,10.32,11.05,10.49,8.8,8.52,9.09,8.76,11.85,12.6,13.15,13.1,13.05,12.45,11.77,9.86,7.85,7.97,7.44,6397,6268
Euro area,EMU,"Unemployment, total (% of total labor force) (modeled ILO estimate)",SL.UEM.TOTL.ZS,,,,,,,,,,,,,,,,,,,,,,,,,,,,,,,,8.32525312294762,8.95187197612209,10.7197781620088,11.7680040432904,11.4490496589773,11.6593401970915,11.6613221019766,11.2436019183292,10.48993023661,9.50552941927142,8.44743068181526,8.69958498779998,9.03121223542141,9.29741400398232,9.13423517922006,8.41105038376883,7.52761147379388,7.55198742654955,9.5997529614143,10.1575769782965,10.222979222153,11.4182027040959,11.9737746258269,11.6256791904528,10.8884071767617,10.0292259109692,9.05352294994133,8.15645592390381,7.50471900937842,7.82304091728459,7.72822357463538,6.74774269987662,6.47288233432434
Eritrea,ERI,"Unemployment, total (% of total labor force) (modeled ILO estimate)",SL.UEM.TOTL.ZS,,,,,,,,,,,,,,,,,,,,,,,,,,,,,,,,5572,5749,5824,5874,5702,5603,5685,5794,5904,5954,6009,6034,6013,5906,5933,5941,5958,5908,5997,6105,6023,5889,5839,5862,5991,6044,6073,5931,5934,6453,6511,5974,5851
Spain,ESP,"Unemployment, total (% of total labor force) (modeled ILO estimate)",SL.UEM.TOTL.ZS,,,,,,,,,,,,,,,,,,,,,,,,,,,,,,,,15.93,17.7,22.16,24.21,22.68,22.14,20.7,18.67,15.48,13.79,10.35,11.15,11.28,11.09,9.15,8.45,8.23,11.25,17.86,19.86,21.39,24.79,26.09,24.44,22.06,19.64,17.22,15.25,14.1,15.53,14.78,12.92,12137
Estonia,EST,"Unemployment, total (% of total labor force) (modeled ILO estimate)",SL.UEM.TOTL.ZS,,,,,,,,,,,,,,,,,,,,,,,,,,,,,,,,1.47,3.68,6.54,7.56,9.66,9.92,10.33,9.52,11.58,13.36,13.13,10.03,11.29,10.25,8.03,5.91,4.59,5.45,13.55,16.71,12.33,10.02,8.63,7.35,6.19,6.76,5.76,5.37,4.45,6.8,6.18,5.57,6658
Ethiopia,ETH,"Unemployment, total (% of total labor force) (modeled ILO estimate)",SL.UEM.TOTL.ZS,,,,,,,,,,,,,,,,,,,,,,,,,,,,,,,,3326,3495,3289,3.1,2953,3065,3168,3451,3.71,3495,3126,3045,3038,2799,2.5,2.31,2317,2311,2318,2285,2262,2245,2.25,2347,2409,2509,2605,2745,2.85,3906,3.93,3415,3331
European Union,EUU,"Unemployment, total (% of total labor force) (modeled ILO estimate)",SL.UEM.TOTL.ZS,,,,,,,,,,,,,,,,,,,,,,,,,,,,,,,,8.59471293014032,9.24709416283726,10.8071727189968,11.4843966700434,11.0502785271467,11.0814033743107,10.9045618277304,10.4933367866371,10.1940293288947,9.8248399441962,9.20584549390388,9.55343655519591,9.66233844386463,9.88344273928093,9.62623640330027,8.67548544473376,7.49644258177002,7.2476228149646,9.175300700645,9.85414160071388,9.89451201080336,10.8674746946122,11.3202507422631,10.8171037774188,10.0186246758232,9.10359612363724,8.11977249389514,7.25092717457341,6.67352230775454,7.04170193367699,7.02091553970168,6.148595221768,5.9692188262815
Fragile and conflict affected situations,FCS,"Unemployment, total (% of total labor force) (modeled ILO estimate)",SL.UEM.TOTL.ZS,,,,,,,,,,,,,,,,,,,,,,,,,,,,,,,,4.49695207027071,4.46543714007749,4.49442876072686,4.59812677335804,5.1003680310703,5.37068998510775,5.46612406464678,5.73107632537531,5.99911063114761,5.99560102006256,5.89882923597473,5.86953218538073,5.7402450073424,5.57185991804741,5.23780775859401,5.08800355614927,5.01331747736584,5.05490282894545,5.14085302033908,5.21691597422459,5.26090354892575,5.3711959243826,5.39363709602044,5.54756317628868,5.63568272818416,5.80187401958913,6.04337310933417,6.04885263973026,6.07744927711499,6.93008123290812,7.11999466171572,6.13884604731689,6.10511785833436
Finland,FIN,"Unemployment, total (% of total labor force) (modeled ILO estimate)",SL.UEM.TOTL.ZS,,,,,,,,,,,,,,,,,,,,,,,,,,,,,,,,6.5,11.6,16.2,16.43,17,15.57,14.97,13.21,11.69,11.13,10.29,10.42,10.47,10.36,8.38,7.72,6.85,6.37,8.25,8.39,7.78,7.69,8.19,8.66,9.38,8.82,8.64,7.36,6.69,7.76,7.61,6.72,6971
Fiji,FJI,"Unemployment, total (% of total labor force) (modeled ILO estimate)",SL.UEM.TOTL.ZS,,,,,,,,,,,,,,,,,,,,,,,,,,,,,,,,4659,4681,4731,4643,4691,4664,4753,4767,4718,4712,4703,4773,4.74,4.7,3.89,3961,4107,4186,4306,4346,4.41,4378,4359,4327,4293,4.32,4326,4336,4374,4733,4797,4562,4248
France,FRA,"Unemployment, total (% of total labor force) (modeled ILO estimate)",SL.UEM.TOTL.ZS,,,,,,,,,,,,,,,,,,,,,,,,,,,,,,,,9.13,10.2,11.32,12.59,11.83,12.37,12.57,12.07,11.98,10.22,8.61,8.7,8.31,8.91,8.88,8.83,8.01,7.39,9.12,9.28,9.23,9.84,9.91,10.27,10.35,10.06,9.41,9.02,8.41,8.01,7.86,7.31,7081
Faroe Islands,FRO,"Unemployment, total (% of total labor force) (modeled ILO estimate)",SL.UEM.TOTL.ZS,,,,,,,,,,,,,,,,,,,,,,,,,,,,,,,,,,,,,,,,,,,,,,,,,,,,,,,,,,,,,,,,
"Micronesia, Fed. Sts.",FSM,"Unemployment, total (% of total labor force) (modeled ILO estimate)",SL.UEM.TOTL.ZS,,,,,,,,,,,,,,,,,,,,,,,,,,,,,,,,,,,,,,,,,,,,,,,,,,,,,,,,,,,,,,,,
Gabon,GAB,"Unemployment, total (% of total labor force) (modeled ILO estimate)",SL.UEM.TOTL.ZS,,,,,,,,,,,,,,,,,,,,,,,,,,,,,,,,17065,17.69,17.78,17836,17335,17277,17097,17098,17.68,18016,18008,17451,17151,17144,16.91,17858,18244,19267,19776,20.39,19764,19.47,19562,19732,19.82,20041,20283,20479,20369,21432,21411,20.61,20361
United Kingdom,GBR,"Unemployment, total (% of total labor force) (modeled ILO estimate)",SL.UEM.TOTL.ZS,,,,,,,,,,,,,,,,,,,,,,,,,,,,,,,,8.55,9.77,10.35,9.65,8.69,8.19,7.07,6.2,6.04,5.56,4.7,5.04,4.81,4.59,4.75,5.35,5.26,5.62,7.54,7.79,8.04,7.88,7.52,6.11,5.3,4.81,4.33,4,3.74,4472,4826,3.73,4355
Georgia,GEO,"Unemployment, total (% of total labor force) (modeled ILO estimate)",SL.UEM.TOTL.ZS,,,,,,,,,,,,,,,,,,,,,,,,,,,,,,,,2.7,5.4,5.4,8.4,7.6,11.5,11.5,14.53,13.8,10.82,11.16,12.59,11.51,12.62,13.81,13.57,13.28,17.87,20.71,20.2,19.63,19.65,19.42,17.44,16.51,16.6,13.94,12.67,11.57,11.73,11851,11683,11749
Ghana,GHA,"Unemployment, total (% of total labor force) (modeled ILO estimate)",SL.UEM.TOTL.ZS,,,,,,,,,,,,,,,,,,,,,,,,,,,,,,,,3.49,4.7,5224,5911,6495,7108,7647,8.2,10.1,10.46,9632,8732,7736,6757,5814,4.9,5121,5143,5379,5.38,4191,3102,2.17,4387,6.81,5295,3.37,3254,3.17,3419,3557,3518,3557
Gibraltar,GIB,"Unemployment, total (% of total labor force) (modeled ILO estimate)",SL.UEM.TOTL.ZS,,,,,,,,,,,,,,,,,,,,,,,,,,,,,,,,,,,,,,,,,,,,,,,,,,,,,,,,,,,,,,,,
Guinea,GIN,"Unemployment, total (% of total labor force) (modeled ILO estimate)",SL.UEM.TOTL.ZS,,,,,,,,,,,,,,,,,,,,,,,,,,,,,,,,4541,4579,4546,4482,4.42,4.45,4395,4444,4477,4612,4615,4.55,4678,4814,4999,5071,4891,4894,5085,5266,5246,4919,5026,5195,5379,5053,4771,4705,5.02,6064,5.97,5526,5403
"Gambia, The",GMB,"Unemployment, total (% of total labor force) (modeled ILO estimate)",SL.UEM.TOTL.ZS,,,,,,,,,,,,,,,,,,,,,,,,,,,,,,,,9523,9672,9.72,9893,10046,10106,9862,9738,9536,9519,9417,9936,9877,9821,9786,10208,10454,9975,9.6,9464,10255,10.35,9526,8202,7278,6331,5.16,4.13,4037,4763,4715,4265,4137
Guinea-Bissau,GNB,"Unemployment, total (% of total labor force) (modeled ILO estimate)",SL.UEM.TOTL.ZS,,,,,,,,,,,,,,,,,,,,,,,,,,,,,,,,3097,3179,3243,3275,3223,3079,3031,3562,3763,3786,3246,3.28,3363,3355,3.27,3244,3239,3258,3243,3223,3148,3231,3255,3376,3246,3199,3123,3.2,3229,3.72,3812,3.24,3119
Equatorial Guinea,GNQ,"Unemployment, total (% of total labor force) (modeled ILO estimate)",SL.UEM.TOTL.ZS,,,,,,,,,,,,,,,,,,,,,,,,,,,,,,,,7393,7619,7.78,7894,7907,7934,7941,8001,8079,8115,8237,8316,8348,8253,8214,8124,8071,8.04,8211,8394,8339,8186,8093,8.07,8185,8257,8334,8244,8327,9034,9187,8584,8515
Greece,GRC,"Unemployment, total (% of total labor force) (modeled ILO estimate)",SL.UEM.TOTL.ZS,,,,,,,,,,,,,,,,,,,,,,,,,,,,,,,,7.57,8.93,10.18,9.81,10.12,10.4,10.47,12.23,12.14,11.34,10.76,10.35,9.84,10.63,10.07,8.91,8.35,7.66,9.55,12.72,17.97,24.73,27.69,26.71,24.98,23.51,21.41,19.18,17.04,15.9,14.66,12.43,10808
Grenada,GRD,"Unemployment, total (% of total labor force) (modeled ILO estimate)",SL.UEM.TOTL.ZS,,,,,,,,,,,,,,,,,,,,,,,,,,,,,,,,,,,,,,,,,,,,,,,,,,,,,,,,,,,,,,,,
Greenland,GRL,"Unemployment, total (% of total labor force) (modeled ILO estimate)",SL.UEM.TOTL.ZS,,,,,,,,,,,,,,,,,,,,,,,,,,,,,,,,,,,,,,,,,,,,,,,,,,,,,,,,,,,,,,,,
Guatemala,GTM,"Unemployment, total (% of total labor force) (modeled ILO estimate)",SL.UEM.TOTL.ZS,,,,,,,,,,,,,,,,,,,,,,,,,,,,,,,,2696,2652,2612,2595,2.59,2638,2623,2621,2578,2615,2752,2753,2.81,2.97,3.06,2953,2832,2882,3214,3.5,3169,2.76,3.02,2.72,2.51,2.58,2.46,2.28,2.19,2.88,2.17,3.05,3155
Guam,GUM,"Unemployment, total (% of total labor force) (modeled ILO estimate)",SL.UEM.TOTL.ZS,,,,,,,,,,,,,,,,,,,,,,,,,,,,,,,,3.51,3.84,5.53,7.6,7.9,8.28,9.67,7.74,13.95,15.32,13.21,11.39,9703,7.7,7,7.4,8.3,8897,9.3,8.2,13.3,12.2,11.5,7.6,6.9,5.4,5417,5449,5399,6248,6002,5569,5538
Guyana,GUY,"Unemployment, total (% of total labor force) (modeled ILO estimate)",SL.UEM.TOTL.ZS,,,,,,,,,,,,,,,,,,,,,,,,,,,,,,,,12171,11.9,11645,11.57,11597,11575,11596,11705,11.78,11909,11.8,11.81,11532,11281,11075,10.7,10883,11098,11412,11758,11971,12224,12522,12889,13286,13577,13822,14.02,13.52,15.69,14.98,12301,10332
High income,HIC,"Unemployment, total (% of total labor force) (modeled ILO estimate)",SL.UEM.TOTL.ZS,,,,,,,,,,,,,,,,,,,,,,,,,,,,,,,,6.89173432598771,7.4270081437987,7.96817631466316,7.96478354240692,7.55560568589865,7.51410932949598,7.23245878552662,7.15203129266611,7.00154096789049,6.60330220971418,6.54639842623323,7.06602327303791,7.18755181117843,7.03516663209118,6.75671119381212,6.22270989018615,5.67635592826079,5.92225667409002,8.01176407276955,8.28295397235249,7.96872218659228,8.00612563625744,7.89263135606956,7.2793740321442,6.68766548703153,6.19692554110519,5.63029856369657,5.10751524531763,4.79229919971541,6.56315006395547,5.65961414027948,4.57019219898624,4.52581734667095
"Hong Kong SAR, China",HKG,"Unemployment, total (% of total labor force) (modeled ILO estimate)",SL.UEM.TOTL.ZS,,,,,,,,,,,,,,,,,,,,,,,,,,,,,,,,1.8,1.96,1.96,1.9,3.22,2.83,2.22,4.58,6.25,4.92,5.09,7.28,7.86,6.74,5.58,4.77,4.01,3.56,5.26,4.33,3.42,3.29,3.4,3.3,3.31,3.39,3.12,2.81,2.92,5.81,5.17,4.32,4026
Honduras,HND,"Unemployment, total (% of total labor force) (modeled ILO estimate)",SL.UEM.TOTL.ZS,,,,,,,,,,,,,,,,,,,,,,,,,,,,,,,,4.58,3.06,3098,3137,3.24,4.37,3.32,4.02,3.85,3882,4,4.02,5.3,5.99,4.91,3.57,3.21,3.16,3.29,4.12,4.47,3.75,5.65,7.08,6.15,6.73,5.53,5.62,5.55,10.68,8.23,6998,6784
Heavily indebted poor countries (HIPC),HPC,"Unemployment, total (% of total labor force) (modeled ILO estimate)",SL.UEM.TOTL.ZS,,,,,,,,,,,,,,,,,,,,,,,,,,,,,,,,5.1701617832092,5.3152123866265,5.31352222891997,5.25890678544867,5.0404901609411,4.98563105458669,4.89313701250043,4.96904602724864,5.1311909538029,5.19500353976551,5.11802969069416,5.09508986532924,5.05851049891897,4.9323832266894,4.77807874384882,4.69700371050026,4.64674719556476,4.62173931665231,4.69780274272977,4.9063725671939,4.87313260600237,4.69599432851315,4.47260156138428,4.4772796275551,4.62860675997329,4.61407045626862,4.65928272116165,4.58195187360815,4.59622470097748,5.40833387931639,5.37399426707442,4.88048859174704,4.94400007061003
Croatia,HRV,"Unemployment, total (% of total labor force) (modeled ILO estimate)",SL.UEM.TOTL.ZS,,,,,,,,,,,,,,,,,,,,,,,,,,,,,,,,11.14,10937,10712,10333,9996,9.68,9.71,11.39,13.56,16.06,15.82,15.05,13.92,13.66,12.6,11.13,9.91,8.53,9.2,11.62,13.68,15.93,17.25,17.29,16.18,13.1,11.21,8.43,6.62,7.51,7.61,6.96,6276
Haiti,HTI,"Unemployment, total (% of total labor force) (modeled ILO estimate)",SL.UEM.TOTL.ZS,,,,,,,,,,,,,,,,,,,,,,,,,,,,,,,,7352,7428,7607,8006,7.58,7.33,6966,7.16,7.2,8448,9756,11059,12196,13472,14.6,15926,16.8,16191,15.33,15256,14476,14.1,13.62,13802,13717,13858,13835,13896,14089,15646,15558,14776,14857
Hungary,HUN,"Unemployment, total (% of total labor force) (modeled ILO estimate)",SL.UEM.TOTL.ZS,,,,,,,,,,,,,,,,,,,,,,,,,,,,,,,,8.5,9.94,12.1,10.85,10.17,10.02,8.99,8.93,6.93,6.56,5.67,5.61,5.79,5.83,7.19,7.49,7.41,7.82,10.03,11.17,11.03,11,10.18,7.73,6.81,5.11,4.16,3.71,3.42,4.25,4.05,3.61,4091
IBRD only,IBD,"Unemployment, total (% of total labor force) (modeled ILO estimate)",SL.UEM.TOTL.ZS,,,,,,,,,,,,,,,,,,,,,,,,,,,,,,,,4.72221983032838,4.76927828471913,5.00752293454523,5.39775104205575,5.75185405436051,5.88463059510367,6.02115174554526,6.27926046368062,6.56344934767994,6.52619456912234,6.70451533853022,6.94466522155834,7.07007811246383,6.96120016433222,6.93121116023676,6.67487630094535,6.47833354818037,6.4268259711919,6.72774554560688,6.49475338372385,6.35881836912644,6.24868623573557,6.23591982353013,6.21603419290821,6.3401181263122,6.43842539972579,6.38748089643708,6.25416388788104,6.034856722704,6.90928077702159,6.27798516154861,5.52869983081548,5.32591073414239
IDA & IBRD total,IBT,"Unemployment, total (% of total labor force) (modeled ILO estimate)",SL.UEM.TOTL.ZS,,,,,,,,,,,,,,,,,,,,,,,,,,,,,,,,4.61759571140985,4.66950282279151,4.88526494253121,5.21434412874935,5.49426135148588,5.60735313218576,5.71199527169093,5.93937263889746,6.18781723435762,6.15638560316936,6.29572843779452,6.48277071946398,6.57481193376395,6.46214765890632,6.41381626816675,6.17251857924819,6.00842991005619,5.97513550660679,6.2267637723945,6.01882855595666,5.9121952153699,5.8877128095171,5.84060312859614,5.79749663320415,5.95513822830192,6.00807959995065,6.00867079242161,5.9170656347677,5.76750536899745,6.62660236040094,6.16185523995994,5.42559932193243,5.27049576728191
IDA total,IDA,"Unemployment, total (% of total labor force) (modeled ILO estimate)",SL.UEM.TOTL.ZS,,,,,,,,,,,,,,,,,,,,,,,,,,,,,,,,4.10127355043048,4.18144582052119,4.29416727401024,4.33687948479682,4.27025655757461,4.30549774783895,4.27280964619491,4.37066267606451,4.4641266664437,4.47459313775502,4.46316356130383,4.44255540715288,4.41630098685046,4.31371090162626,4.21238630546333,4.05586103529705,4.04664644141111,4.11200282737215,4.18702013191581,4.11217206555146,4.14664348155468,4.47837835520248,4.31939417338173,4.20645109809591,4.51422395270017,4.42214855732605,4.64190734191317,4.7228533813121,4.83836744015074,5.67813220719154,5.77448146659473,5.08806775547721,5.09017906677266
IDA blend,IDB,"Unemployment, total (% of total labor force) (modeled ILO estimate)",SL.UEM.TOTL.ZS,,,,,,,,,,,,,,,,,,,,,,,,,,,,,,,,2.95846336793198,3.04853799347652,3.35615704641472,3.54585875911367,3.62861937865738,3.7491488577724,3.72281548117288,3.8561540067947,3.85597807938784,3.72347306666149,3.58693349457478,3.34649774778794,3.18989946007987,3.01828866128319,2.95353373763947,2.84215014881337,2.68777623144635,2.73179167553703,2.79598023267472,2.847518639671,2.87760171841714,3.91192380826492,3.63180921266264,3.27783165105012,4.01784294246492,3.70770262241239,4.32209594457238,4.79509608274528,5.15572721854156,5.98539040686777,5.95883587067038,5.06787353172431,4.99094326909092
Indonesia,IDN,"Unemployment, total (% of total labor force) (modeled ILO estimate)",SL.UEM.TOTL.ZS,,,,,,,,,,,,,,,,,,,,,,,,,,,,,,,,2.62,2.73,2.78,4.37,4613,4.86,4.68,5.46,6.36,6.08,6.08,6.6,6.66,7.3,7.94,7.55,8.06,7.21,6.11,5.61,5.15,4.47,4.34,4.05,4.51,4.3,3.78,4.39,3.59,4.25,3.83,3.46,3277
IDA only,IDX,"Unemployment, total (% of total labor force) (modeled ILO estimate)",SL.UEM.TOTL.ZS,,,,,,,,,,,,,,,,,,,,,,,,,,,,,,,,4.59468843628304,4.67130208994781,4.697656647074,4.67708895295588,4.5452201839964,4.54624614287885,4.5133950345328,4.59582528563418,4.73162420566164,4.80785490323689,4.85443475445669,4.9327993478348,4.96538036329232,4.89456613487275,4.77566520886493,4.59895421275691,4.65732493762945,4.73441399714143,4.81855870318086,4.69021685062774,4.72786869292802,4.73900249499018,4.63589893376469,4.63181292532589,4.7428738687092,4.74900382163917,4.78654130385663,4.69040012536905,4.69552410232034,5.53961465258252,5.69071357186367,5.09725711400913,5.13538507034678
Isle of Man,IMN,"Unemployment, total (% of total labor force) (modeled ILO estimate)",SL.UEM.TOTL.ZS,,,,,,,,,,,,,,,,,,,,,,,,,,,,,,,,,,,,,,,,,,,,,,,,,,,,,,,,,,,,,,,,
India,IND,"Unemployment, total (% of total labor force) (modeled ILO estimate)",SL.UEM.TOTL.ZS,,,,,,,,,,,,,,,,,,,,,,,,,,,,,,,,6838,6838,6838,6.83,6998,7165,7339,7511,7.68,7.85,8022,8202,8368,8535,8.7,8618,8537,8463,8383,8.3,8215,8138,8.06,7976,7891,7808,7728,7.65,6.51,7.86,6.38,4822,4668
Not classified,INX,"Unemployment, total (% of total labor force) (modeled ILO estimate)",SL.UEM.TOTL.ZS,,,,,,,,,,,,,,,,,,,,,,,,,,,,,,,,,,,,,,,,,,,,,,,,,,,,,,,,,,,,,,,,
Ireland,IRL,"Unemployment, total (% of total labor force) (modeled ILO estimate)",SL.UEM.TOTL.ZS,,,,,,,,,,,,,,,,,,,,,,,,,,,,,,,,15.77,15.02,15.57,14.54,11.97,11.69,10.19,7.7,5.8,4.32,3.68,4.22,4.48,4.49,4.34,4.41,4.98,6.77,12.61,14.53,15.35,15.45,13.73,11.86,9.91,8.37,6.71,5.74,4.95,5.62,6.19,4.48,4454
"Iran, Islamic Rep.",IRN,"Unemployment, total (% of total labor force) (modeled ILO estimate)",SL.UEM.TOTL.ZS,,,,,,,,,,,,,,,,,,,,,,,,,,,,,,,,11.1,10662,10554,10.41,9866,9.1,9692,10366,11162,11691,12345,12.8,11529,10.3,11.81,11.52,10.77,10.63,12.11,13.68,12.49,12.27,10.6,10.68,11.17,12.62,12.23,12.19,10.74,9.69,9.28,8815,8734
Iraq,IRQ,"Unemployment, total (% of total labor force) (modeled ILO estimate)",SL.UEM.TOTL.ZS,,,,,,,,,,,,,,,,,,,,,,,,,,,,,,,,8711,8439,8445,8309,8502,8593,8385,8185,8111,8155,8352,8.65,8.94,8708,8587,8436,8.65,8475,8405,8257,8171,7.96,9215,10.59,10.82,10.82,13.02,13449,14,15746,16.17,15322,15.56
Iceland,ISL,"Unemployment, total (% of total labor force) (modeled ILO estimate)",SL.UEM.TOTL.ZS,,,,,,,,,,,,,,,,,,,,,,,,,,,,,,,,2.55,4.31,5.26,5.33,5.2,3.6,3.72,3.07,2.18,1.94,1.87,2.99,4,4.03,2.55,2.83,2.25,2.95,7.22,7.56,7.03,6,5.38,4.9,3.98,2.98,2.74,2.7,3.51,5.48,6.03,3.79,3051
Israel,ISR,"Unemployment, total (% of total labor force) (modeled ILO estimate)",SL.UEM.TOTL.ZS,,,,,,,,,,,,,,,,,,,,,,,,,,,,,,,,13.39,14.08,12.74,9.93,8.78,8.46,9.75,10.75,11.18,11.1,11.81,12.89,13.51,13.03,11.34,10.71,9.38,7.7,9.53,8.48,7.14,6.76,6.14,5.79,5.18,4.72,4.14,3.92,3.73,4.17,4.81,3695,3352
Italy,ITA,"Unemployment, total (% of total labor force) (modeled ILO estimate)",SL.UEM.TOTL.ZS,,,,,,,,,,,,,,,,,,,,,,,,,,,,,,,,10.1,9.32,10.21,11.09,11.66,11.86,11.98,12.12,11.68,10.83,9.6,9.21,8.87,7.87,7.73,6.78,6.08,6.72,7.75,8.36,8.36,10.65,12.15,12.68,11.9,11.69,11.21,10.61,9.95,9.16,9.5,8.07,7657
Jamaica,JAM,"Unemployment, total (% of total labor force) (modeled ILO estimate)",SL.UEM.TOTL.ZS,,,,,,,,,,,,,,,,,,,,,,,,,,,,,,,,6314,6468,6314,6416,6404,6698,6778,6933,6892,6823,6.7,6667,6576,6573,6605,6626,6619,6.67,7.31,7.63,8.03,8.69,9.7,9.05,8824,8.63,7.4,5.47,4.99,6.5,6156,5499,5377
Jordan,JOR,"Unemployment, total (% of total labor force) (modeled ILO estimate)",SL.UEM.TOTL.ZS,,,,,,,,,,,,,,,,,,,,,,,,,,,,,,,,21211,19921,19.7,16929,14.6,13.7,13735,13823,13755,13.7,14.7,15.3,14.5,14622,14.8,14,13.1,12.7,12.9,12.5,12.9,12.2,12.6,11.9,13.08,15.28,18.12,18.26,16.8,19.21,19.84,19191,19.05
Japan,JPN,"Unemployment, total (% of total labor force) (modeled ILO estimate)",SL.UEM.TOTL.ZS,,,,,,,,,,,,,,,,,,,,,,,,,,,,,,,,2.06,2.16,2.54,2.89,3.15,3.38,3.37,4.08,4.68,4.75,5.02,5.39,5.25,4.73,4.45,4.19,3.89,4,5.07,5.1,4.55,4.36,4.04,3.59,3.39,3.13,2.82,2.47,2.35,2.81,2.83,2.6,2649
Kazakhstan,KAZ,"Unemployment, total (% of total labor force) (modeled ILO estimate)",SL.UEM.TOTL.ZS,,,,,,,,,,,,,,,,,,,,,,,,,,,,,,,,0.9,1,1.11,7.54,10.98,12.96,13.01,13.13,13.46,12.75,10.43,9.33,8.78,8.4,8.13,7.79,7.26,6.63,6.55,5.77,5.39,5.29,5.2,5.06,4.93,4.96,4.9,4.85,4.8,4.89,5572,4.86,4663
Kenya,KEN,"Unemployment, total (% of total labor force) (modeled ILO estimate)",SL.UEM.TOTL.ZS,,,,,,,,,,,,,,,,,,,,,,,,,,,,,,,,2.86,3.03,3156,3116,2949,2834,2899,2933,2991,2987,2972,3029,2955,2915,2757,2.66,2615,2771,2865,2831,2692,2659,2778,2782,2771,2.76,3.56,4296,5.01,5628,5.69,5644,5601
Kyrgyz Republic,KGZ,"Unemployment, total (% of total labor force) (modeled ILO estimate)",SL.UEM.TOTL.ZS,,,,,,,,,,,,,,,,,,,,,,,,,,,,,,,,1,1.1,1223,1341,1437,1515,1581,1.67,1773,1877,1971,2075,2.17,2265,2363,2467,2562,2644,2742,2.86,2965,3073,3148,3254,3346,3465,3566,3.67,4.25,4.63,4.1,4017,4041
Cambodia,KHM,"Unemployment, total (% of total labor force) (modeled ILO estimate)",SL.UEM.TOTL.ZS,,,,,,,,,,,,,,,,,,,,,,,,,,,,,,,,781,766,754,986,971,0.96,0.64,712,729,0.75,0.78,856,0.91,1006,1071,1158,1.26,0.82,0.58,0.77,0.58,499,0.44,0.69,0.39,0.72,0.14,128,116,0.17,0.4,226,217
Kiribati,KIR,"Unemployment, total (% of total labor force) (modeled ILO estimate)",SL.UEM.TOTL.ZS,,,,,,,,,,,,,,,,,,,,,,,,,,,,,,,,,,,,,,,,,,,,,,,,,,,,,,,,,,,,,,,,
St. Kitts and Nevis,KNA,"Unemployment, total (% of total labor force) (modeled ILO estimate)",SL.UEM.TOTL.ZS,,,,,,,,,,,,,,,,,,,,,,,,,,,,,,,,,,,,,,,,,,,,,,,,,,,,,,,,,,,,,,,,
"Korea, Rep.",KOR,"Unemployment, total (% of total labor force) (modeled ILO estimate)",SL.UEM.TOTL.ZS,,,,,,,,,,,,,,,,,,,,,,,,,,,,,,,,2.41,2.51,2.88,2.48,2.06,2.05,2.61,6.96,6.34,4.06,3.7,3.05,3.35,3.42,3.48,3.25,3.01,2.96,3.36,3.32,2.99,2.81,2.75,3.08,3.55,3.65,3.65,3.82,3.75,3.93,3.64,2.86,2661
Kuwait,KWT,"Unemployment, total (% of total labor force) (modeled ILO estimate)",SL.UEM.TOTL.ZS,,,,,,,,,,,,,,,,,,,,,,,,,,,,,,,,0.89,882,0.8,0.7,696,0.7,0.7,0.7,0.7,0.8,0.8,1.1,1.3,1.7,1452,1.3,1.5,1.75,1.64,1.82,2076,2256,2511,2.9,2.2,2.16,2204,2185,2213,3454,2943,2198,2124
Latin America & Caribbean (excluding high income),LAC,"Unemployment, total (% of total labor force) (modeled ILO estimate)",SL.UEM.TOTL.ZS,,,,,,,,,,,,,,,,,,,,,,,,,,,,,,,,5.79257471342007,5.87956732101923,5.94312616608456,6.49002908948296,7.81313907542799,8.06407487535031,7.94296040443427,8.3456962310927,9.10793285178287,9.18176963156649,8.76946723137254,8.97982665486037,8.8090224337796,8.35433447932303,8.03606364634889,7.4779719225003,7.15300379901717,6.76067648297706,7.76009319599092,7.13675932596708,6.64599344611353,6.37651107566027,6.29271879077414,6.10048514871183,6.70241592582642,7.90539992235805,8.23020585598799,8.08857407629069,8.12648837055947,10.2734659875905,9.27161040704186,6.89618846110986,6.08231593595165
Lao PDR,LAO,"Unemployment, total (% of total labor force) (modeled ILO estimate)",SL.UEM.TOTL.ZS,,,,,,,,,,,,,,,,,,,,,,,,,,,,,,,,2496,2703,2725,2631,2.6,2453,2358,2297,2.16,2051,1887,1.78,1642,1.5,1.35,1199,1067,943,834,0.71,1059,1404,1762,2123,2496,2883,3.27,3308,3364,3862,4.15,3819,3787
Lebanon,LBN,"Unemployment, total (% of total labor force) (modeled ILO estimate)",SL.UEM.TOTL.ZS,,,,,,,,,,,,,,,,,,,,,,,,,,,,,,,,8671,8344,8361,8436,8512,8502,8.62,8548,8627,8495,8366,8175,8019,7.85,8.24,8648,8.98,7662,6.35,6778,7308,7847,8341,8742,9212,9694,10168,10656,11.3,13274,12777,11747,11678
Liberia,LBR,"Unemployment, total (% of total labor force) (modeled ILO estimate)",SL.UEM.TOTL.ZS,,,,,,,,,,,,,,,,,,,,,,,,,,,,,,,,2782,2.9,2854,2889,2762,2499,2174,2025,1.97,1931,2023,2138,2.45,2455,2445,2282,2233,2221,2243,2.27,2212,2143,2078,2.08,2555,3.08,3065,3055,3067,4124,3961,3025,2.85
Libya,LBY,"Unemployment, total (% of total labor force) (modeled ILO estimate)",SL.UEM.TOTL.ZS,,,,,,,,,,,,,,,,,,,,,,,,,,,,,,,,18848,19016,19147,19371,19532,19408,19491,19251,19273,19166,19176,19182,19033,18934,18738,18833,18803,18983,19149,19168,19379,19.03,19387,19369,19685,19421,18964,18828,18974,19708,19.71,19302,18523
St. Lucia,LCA,"Unemployment, total (% of total labor force) (modeled ILO estimate)",SL.UEM.TOTL.ZS,,,,,,,,,,,,,,,,,,,,,,,,,,,,,,,,16542,16555,16.8,17,15.83,16.33,20.47,21.6,18.09,16.49,18551,20.39,22.18,20.97,18.7,16,14,12.72,15.37,17118,18.86,19.06,22.21,21555,20789,19749,18.89,19.12,15.34,20.41,19.58,15.77,14743
Latin America & Caribbean,LCN,"Unemployment, total (% of total labor force) (modeled ILO estimate)",SL.UEM.TOTL.ZS,,,,,,,,,,,,,,,,,,,,,,,,,,,,,,,,6.10612901899764,6.08538235686854,6.09156878752686,6.69815667897428,7.92525874252656,8.30941983049033,8.15449077863583,8.4977341723394,9.44359678707058,9.46653475675848,9.06880628280534,9.40974132920608,9.26998266519787,8.75142856122775,8.23247832735355,7.60727865734364,7.22220096246665,6.8365669149684,7.8108839636213,7.21187540236797,6.70764717850337,6.42271295622165,6.37553814016454,6.18123846521513,6.681719541317,7.74710059654674,8.03826735344257,7.94031605870746,8.00815742880844,10.2105617789871,9.19976986672606,6.90609069065652,6.19419546034162
Least developed countries: UN classification,LDC,"Unemployment, total (% of total labor force) (modeled ILO estimate)",SL.UEM.TOTL.ZS,,,,,,,,,,,,,,,,,,,,,,,,,,,,,,,,4.52163435895008,4.61042773618518,4.63371985804554,4.61633372063849,4.49320199204921,4.45167704727101,4.42947887805269,4.5192449143724,4.62753367630114,4.69570531583131,4.72624912007398,4.81980069563934,4.9040316677103,4.87249338202972,4.82920244415618,4.72433909706023,4.79343313380189,4.8483995491485,4.96773859155742,4.85650205804414,4.96086601500055,4.95576914179791,4.93098556806351,4.88216750467011,4.96482772896992,5.06267177604152,5.16123133664272,5.04765186431086,5.05065651477505,5.86523258742424,6.02883907456915,5.35980677696616,5.38972325313103
Low income,LIC,"Unemployment, total (% of total labor force) (modeled ILO estimate)",SL.UEM.TOTL.ZS,,,,,,,,,,,,,,,,,,,,,,,,,,,,,,,,4.75358737940536,4.85891911239368,4.84380306437145,4.81721364916543,4.6843234094767,4.7060126949492,4.70731942188748,4.82920414236926,4.96278551509826,5.05214098835317,5.03364327013172,5.00349934581595,4.93680362799004,4.78408785606789,4.61646091433634,4.60493259636284,4.64077030846552,4.75979359375729,4.68148461888092,4.82900674774251,4.8763452717354,5.02150332218946,4.91052957730775,4.90234122614246,5.02177116453222,5.1447509904692,5.26894919723438,5.22512571037044,5.2409691993068,6.04080789017054,6.10751608452536,5.61242723722117,5.71240289733954
Liechtenstein,LIE,"Unemployment, total (% of total labor force) (modeled ILO estimate)",SL.UEM.TOTL.ZS,,,,,,,,,,,,,,,,,,,,,,,,,,,,,,,,,,,,,,,,,,,,,,,,,,,,,,,,,,,,,,,,
Sri Lanka,LKA,"Unemployment, total (% of total labor force) (modeled ILO estimate)",SL.UEM.TOTL.ZS,,,,,,,,,,,,,,,,,,,,,,,,,,,,,,,,14.66,14.22,13.82,13.03,12.27,11.35,10.6,9.17,8.88,7.74,7.9,8.76,8.22,8.38,7.67,6.5,5.97,5.22,5.85,4.78,4.12,3.88,4.19,4.16,4.52,4.24,4.05,4.32,4.67,5.36,5306,6178,6643
Lower middle income,LMC,"Unemployment, total (% of total labor force) (modeled ILO estimate)",SL.UEM.TOTL.ZS,,,,,,,,,,,,,,,,,,,,,,,,,,,,,,,,5.77525413415113,5.82297956205248,5.96417958833478,5.99450656931166,6.2176568917311,6.24947014217978,6.37655573241008,6.55153745869453,6.7198300279089,6.83455156749264,6.89004064213956,6.90552778815845,6.92436420092302,6.83180128334942,6.88160985055072,6.69173590019416,6.55765228541639,6.49078452898053,6.59708019606959,6.45974932727712,6.47665170821385,6.59076789964614,6.46007006657906,6.40114592778008,6.53306256114745,6.43062490428766,6.48109360330485,6.38243770923621,5.84883986026763,6.85975968693363,6.23691286193584,5.0092362058446,4.90123548946084
Low & middle income,LMY,"Unemployment, total (% of total labor force) (modeled ILO estimate)",SL.UEM.TOTL.ZS,,,,,,,,,,,,,,,,,,,,,,,,,,,,,,,,4.46352831866113,4.52938428750581,4.7542333920868,5.0744081111635,5.367064793564,5.48340669369531,5.61392112699437,5.85272127823499,6.05593419394263,5.98865958679971,6.1204700450621,6.27999424209444,6.38155438973582,6.2766196248087,6.26443761821948,6.06262296483122,5.94070873905612,5.93232427476285,6.16924507673815,5.95235341300697,5.84940106248324,5.82662465196041,5.7728517881778,5.74030917527286,5.91576177296743,5.98617052530244,5.99961047893034,5.91449852697609,5.76475075084505,6.60860515292721,6.14680238953966,5.41505993309216,5.2459150545262
Lesotho,LSO,"Unemployment, total (% of total labor force) (modeled ILO estimate)",SL.UEM.TOTL.ZS,,,,,,,,,,,,,,,,,,,,,,,,,,,,,,,,15303,15235,15402,15472,15719,15587,15.74,15861,16219,16209,16071,16058,16015,16.15,15965,15993,15826,15691,16071,16001,16069,15555,15791,15993,16222,16097,16447,16675,16.88,18456,18452,16745,16313
Late-demographic dividend,LTE,"Unemployment, total (% of total labor force) (modeled ILO estimate)",SL.UEM.TOTL.ZS,,,,,,,,,,,,,,,,,,,,,,,,,,,,,,,,3.63380395295165,3.63683145779582,3.88406058488519,4.28490029668031,4.45174860067716,4.6405147100139,4.90534144670142,5.16654997997279,5.40952132671307,5.26067626279839,5.4337363406588,5.62391714176712,5.86069933439422,5.68373655990411,5.60708310379775,5.35866763970166,5.09713981117765,5.12574139488685,5.55381449339255,5.22749294313909,5.096874902486,5.01300793625264,4.99488601196683,4.92462858238179,5.09864529466273,5.27192055870022,5.26845076378754,5.04876888270239,5.18896066164904,5.93859792381815,5.5190127596311,5.21725320214443,5.01444482962246
Lithuania,LTU,"Unemployment, total (% of total labor force) (modeled ILO estimate)",SL.UEM.TOTL.ZS,,,,,,,,,,,,,,,,,,,,,,,,,,,,,,,,1.1,1.2,13.8,13.8,17.54,16.4,14.13,13.71,13.39,15.93,16.84,13.01,12.87,10.68,8.32,5.78,4.25,5.83,13.79,17.81,15.39,13.36,11.77,10.7,9.12,7.86,7.07,6.15,6.26,8.49,7.11,5.96,6529
Luxembourg,LUX,"Unemployment, total (% of total labor force) (modeled ILO estimate)",SL.UEM.TOTL.ZS,,,,,,,,,,,,,,,,,,,,,,,,,,,,,,,,1.48,2.03,2.33,3.48,2.92,3.29,2.53,2.76,2.39,2.35,1.81,2.62,3.68,5.11,4.49,4.73,4.07,5.06,5.12,4.36,4.9,5.14,5.85,5.85,6.67,6.29,5.52,5.59,5.59,6.77,5.25,4.58,5286
Latvia,LVA,"Unemployment, total (% of total labor force) (modeled ILO estimate)",SL.UEM.TOTL.ZS,,,,,,,,,,,,,,,,,,,,,,,,,,,,,,,,2.7,6.6,16.7,18.7,19,20.7,14.9,14.45,13.79,14.21,13.82,13.83,12.06,11.71,10.03,7.03,6.05,7.74,17.51,19.48,16.21,15.05,11.87,10.85,9.87,9.64,8.72,7.41,6.31,8.1,7.51,6.81,6475
"Macao SAR, China",MAC,"Unemployment, total (% of total labor force) (modeled ILO estimate)",SL.UEM.TOTL.ZS,,,,,,,,,,,,,,,,,,,,,,,,,,,,,,,,3.01,2.2,2.06,2.48,3.58,4.25,3.26,4.61,6.35,6.87,6.39,6.27,6,4.9,4.16,3.82,3.27,3,3.58,2.84,2.56,1.97,1.82,1.67,1.81,1.94,1.99,1.83,1.75,2.57,2.24,2414,1645
St. Martin (French part),MAF,"Unemployment, total (% of total labor force) (modeled ILO estimate)",SL.UEM.TOTL.ZS,,,,,,,,,,,,,,,,,,,,,,,,,,,,,,,,,,,,,,,,,,,,,,,,,,,,,,,,,,,,,,,,
Morocco,MAR,"Unemployment, total (% of total labor force) (modeled ILO estimate)",SL.UEM.TOTL.ZS,,,,,,,,,,,,,,,,,,,,,,,,,,,,,,,,13664,13867,14042,13916,14047,13527,14001,13501,13.94,13.58,12.46,11.59,11.92,10.83,11.01,9.67,9.56,9.57,8.96,9.09,8.91,8.99,9.23,9.7,9.46,9.3,9687,9729,9668,11726,11219,9992,9774
Monaco,MCO,"Unemployment, total (% of total labor force) (modeled ILO estimate)",SL.UEM.TOTL.ZS,,,,,,,,,,,,,,,,,,,,,,,,,,,,,,,,,,,,,,,,,,,,,,,,,,,,,,,,,,,,,,,,
Moldova,MDA,"Unemployment, total (% of total labor force) (modeled ILO estimate)",SL.UEM.TOTL.ZS,,,,,,,,,,,,,,,,,,,,,,,,,,,,,,,,1.9,3.7,3.7,5.8,5.3,7.9,7.9,10,11.14,8.54,7.37,6.84,6.38,6.37,5.63,4.26,2.75,2.1,3.02,2.97,2.68,2.19,1.89,1.45,1.78,1.59,1.62,1.24,1.5,1.21,0.79,0.91,1.55
Madagascar,MDG,"Unemployment, total (% of total labor force) (modeled ILO estimate)",SL.UEM.TOTL.ZS,,,,,,,,,,,,,,,,,,,,,,,,,,,,,,,,6323,6474,6535,6231,6209,6209,6039,5941,5831,5.8,5.35,5656,5.01,4007,2.62,2944,3173,3363,3861,4.28,2547,0.6,999,1388,1.79,1769,1764,1765,1762,2.21,2246,1899,1.82
Maldives,MDV,"Unemployment, total (% of total labor force) (modeled ILO estimate)",SL.UEM.TOTL.ZS,,,,,,,,,,,,,,,,,,,,,,,,,,,,,,,,794,793,792,791,0.79,1026,1262,1498,1733,1.97,3054,4137,5216,6294,7395,8484,9553,10604,11.7,10848,10,9148,8303,7.46,6614,5.77,5368,4962,4.56,5477,5116,4385,4216
Middle East & North Africa,MEA,"Unemployment, total (% of total labor force) (modeled ILO estimate)",SL.UEM.TOTL.ZS,,,,,,,,,,,,,,,,,,,,,,,,,,,,,,,,11.2310290948326,11.3625651211601,11.9730839221775,11.9511586203822,12.226193273019,11.207552612923,10.9764276370953,11.0976867864649,11.4013986420956,11.901020463478,11.9546612995801,12.1015285917271,11.8245728603938,10.7133836949844,10.8365577516865,10.1483042575922,9.61959842773911,9.27507887058377,9.42198433194492,9.58503890017433,10.105065002083,10.4392560820976,10.1783405627103,10.273898635735,10.5387562609887,10.6107141930049,10.8297272506172,10.4341208856978,9.78153256805969,10.5820084879465,10.2568457432356,9.43225496632973,9.15946057838584
Mexico,MEX,"Unemployment, total (% of total labor force) (modeled ILO estimate)",SL.UEM.TOTL.ZS,,,,,,,,,,,,,,,,,,,,,,,,,,,,,,,,3.15,3.24,3.37,4.44,7.1,5.47,4.24,3.73,2.6,2.65,2.63,3,3.46,3.94,3.56,3.57,3.63,3.87,5.36,5.3,5.17,4.89,4.91,4.81,4.31,3.85,3.42,3.27,3.48,4.44,4.09,3.26,2821
Marshall Islands,MHL,"Unemployment, total (% of total labor force) (modeled ILO estimate)",SL.UEM.TOTL.ZS,,,,,,,,,,,,,,,,,,,,,,,,,,,,,,,,,,,,,,,,,,,,,,,,,,,,,,,,,,,,,,,,
Middle income,MIC,"Unemployment, total (% of total labor force) (modeled ILO estimate)",SL.UEM.TOTL.ZS,,,,,,,,,,,,,,,,,,,,,,,,,,,,,,,,4.44450941829729,4.50756010092896,4.74823355155253,5.09176949221111,5.41360362607322,5.53683456911143,5.67651619659838,5.92375620795378,6.1321844036675,6.05448731196624,6.19780035525938,6.37217622622089,6.48746092892817,6.38759568502484,6.38883274572495,6.17410176178013,6.04132738005106,6.02443073869715,6.28782368169602,6.04339024482602,5.92954912392278,5.89375327999923,5.84579950915279,5.8122538249638,5.99343141811754,6.0606619012282,6.06562328779026,5.97799434543388,5.81392523216232,6.66367912017763,6.15064564512655,5.39534988158789,5.19889437141809
North Macedonia,MKD,"Unemployment, total (% of total labor force) (modeled ILO estimate)",SL.UEM.TOTL.ZS,,,,,,,,,,,,,,,,,,,,,,,,,,,,,,,,24.5,26.3,27.7,30,35.6,38.8,36,34.5,32.4,32.2,30.52,31.94,36.69,37.16,37.32,36.39,35.23,33.93,32.35,33.13,31.5,31.2,29.14,28.38,26.43,24.3,22.81,21.2,17.39,16.55,15.78,14.43,13.15
Mali,MLI,"Unemployment, total (% of total labor force) (modeled ILO estimate)",SL.UEM.TOTL.ZS,,,,,,,,,,,,,,,,,,,,,,,,,,,,,,,,1374,1503,1406,1.55,1476,1411,1395,1294,1316,1397,1279,1321,1197,1402,1351,1429,1401,1436,1438,1412,1444,1555,1622,1.55,1426,1.37,1496,1.62,2345,3.53,2.44,3141,3253
Malta,MLT,"Unemployment, total (% of total labor force) (modeled ILO estimate)",SL.UEM.TOTL.ZS,,,,,,,,,,,,,,,,,,,,,,,,,,,,,,,,6389,6381,6373,6366,6358,6.35,6343,6335,6328,6.32,7.11,6.9,7.49,7.32,6.92,6.8,6.47,5.98,6.89,6.85,6.38,6.2,6.11,5.72,5.38,4.69,4,3.66,3.62,4.35,3.39,2.92,2601
Myanmar,MMR,"Unemployment, total (% of total labor force) (modeled ILO estimate)",SL.UEM.TOTL.ZS,,,,,,,,,,,,,,,,,,,,,,,,,,,,,,,,889,841,818,789,775,779,781,787,777,747,718,704,701,695,687,685,689,698,709,719,733,0.75,759,755,0.77,1049,1.36,0.77,0.41,1.48,4.34,2956,2923
Middle East & North Africa (excluding high income),MNA,"Unemployment, total (% of total labor force) (modeled ILO estimate)",SL.UEM.TOTL.ZS,,,,,,,,,,,,,,,,,,,,,,,,,,,,,,,,11.9006376445286,12.0667409442882,12.848511314069,12.9459228217923,13.3552805947088,12.2290925332896,11.9604997432987,12.1180993744887,12.4887671594203,13.0909602424713,13.1439487038574,13.2487080058609,12.8783856729531,11.559489600548,11.7650620470164,11.0148236511962,10.5509925973585,10.3504267507495,10.5013467273435,10.7701454928161,11.4958893893721,12.0192488781531,11.7620310942475,11.9054777828574,12.3646436994063,12.5119586121555,12.7595391813639,12.3028930722999,11.5344084439824,12.1715087081695,11.8982987140414,11.0102492086262,10.7575402550459
Montenegro,MNE,"Unemployment, total (% of total labor force) (modeled ILO estimate)",SL.UEM.TOTL.ZS,,,,,,,,,,,,,,,,,,,,,,,,,,,,,,,,30119,30276,30433,30365,30.18,29977,29937,30.02,30256,30.33,30409,30336,30372,30338,30.31,24825,19.4,17.15,19.09,19.65,19.76,19.81,19.59,18.05,17.55,17.73,16.08,15.19,15.13,17.88,16.54,15252,14389
Mongolia,MNG,"Unemployment, total (% of total labor force) (modeled ILO estimate)",SL.UEM.TOTL.ZS,,,,,,,,,,,,,,,,,,,,,,,,,,,,,,,,5678,5839,5834,5693,5.5,5539,5619,5756,5846,5987,6107,6.2,6.77,6857,7017,7.19,7.2,5.56,5.86,6.55,4.77,3.9,4.23,4.8,4.86,7.24,6.36,5.38,5736,6.59,7.75,6.21,5406
Northern Mariana Islands,MNP,"Unemployment, total (% of total labor force) (modeled ILO estimate)",SL.UEM.TOTL.ZS,,,,,,,,,,,,,,,,,,,,,,,,,,,,,,,,,,,,,,,,,,,,,,,,,,,,,,,,,,,,,,,,
Mozambique,MOZ,"Unemployment, total (% of total labor force) (modeled ILO estimate)",SL.UEM.TOTL.ZS,,,,,,,,,,,,,,,,,,,,,,,,,,,,,,,,2896,3141,2958,2931,2784,2777,2.7,2612,2637,2839,2836,2914,2848,2957,3041,3023,3062,3087,3191,3255,3293,3312,3341,3.38,3.43,3502,3588,3668,3708,4074,4251,3.79,3674
Mauritania,MRT,"Unemployment, total (% of total labor force) (modeled ILO estimate)",SL.UEM.TOTL.ZS,,,,,,,,,,,,,,,,,,,,,,,,,,,,,,,,9994,10086,9817,9976,9704,9703,9731,9962,10.03,10019,10.15,10244,9878,9704,9481,9139,9353,9649,10288,10138,9995,9.86,9917,10021,10096,10304,10.34,10464,10.42,11168,11331,10791,10625
Mauritius,MUS,"Unemployment, total (% of total labor force) (modeled ILO estimate)",SL.UEM.TOTL.ZS,,,,,,,,,,,,,,,,,,,,,,,,,,,,,,,,9515,9423,9501,9505,9.59,9497,9362,9219,9.27,9.1,9.14,8.2,8.33,8.34,9.52,9.04,8.48,7.17,7.26,7.65,7.45,7.47,7.32,7.47,7.41,6.81,6.75,6.43,6.33,8.63,7.72,6322,4886
Malawi,MWI,"Unemployment, total (% of total labor force) (modeled ILO estimate)",SL.UEM.TOTL.ZS,,,,,,,,,,,,,,,,,,,,,,,,,,,,,,,,4882,5096,4999,5499,4881,4938,4619,4913,5016,5.07,5299,5335,5225,4961,4923,4947,4846,4745,4663,4724,4787,4.94,4.98,4958,4935,5,5041,4999,4924,5736,5757,5114,5026
Malaysia,MYS,"Unemployment, total (% of total labor force) (modeled ILO estimate)",SL.UEM.TOTL.ZS,,,,,,,,,,,,,,,,,,,,,,,,,,,,,,,,3697,3.71,4.11,3.64,3.15,2.52,2.45,3.2,3.43,3,3.53,3.48,3.61,3.54,3.53,3.32,3.23,3.32,3.66,3.39,3.05,3.1,3.16,2.88,3.1,3.44,3.41,3.3,3.26,4.54,4083,3629,3.61
North America,NAC,"Unemployment, total (% of total labor force) (modeled ILO estimate)",SL.UEM.TOTL.ZS,,,,,,,,,,,,,,,,,,,,,,,,,,,,,,,,7.16418948696099,7.87676046877018,7.3542588188891,6.55099918929586,6.03425869830149,5.86551568111373,5.40766010013697,4.88616091663988,4.55656656304528,4.27506877154557,4.98214773125582,5.97420278593833,6.15586983202168,5.7048553496967,5.25623546100158,4.81482039427491,4.78280297495381,5.8330461819156,9.16574924128938,9.47389013496463,8.80796319602183,7.99611168518912,7.34482154920407,6.26294385054269,5.46234147600233,5.10657803290308,4.5864876653214,4.11258999108209,3.89321024039382,8.22708848327461,5.59415568534331,3.83370212832385,3.84723996126126
Namibia,NAM,"Unemployment, total (% of total labor force) (modeled ILO estimate)",SL.UEM.TOTL.ZS,,,,,,,,,,,,,,,,,,,,,,,,,,,,,,,,19.14,18817,19021,19.4,21405,22863,24.45,23087,21665,20.3,21075,21626,22221,22.09,22109,21.78,22114,21969,22303,22.12,19488,16.77,19.03,18.52,20752,23.35,21783,19.88,19957,21146,21148,19988,19627
New Caledonia,NCL,"Unemployment, total (% of total labor force) (modeled ILO estimate)",SL.UEM.TOTL.ZS,,,,,,,,,,,,,,,,,,,,,,,,,,,,,,,,18094,18654,18821,18946,18638,18.64,18.38,18.59,18265,17.96,17433,17.07,16713,16.31,15773,15244,14765,14.37,13.97,13957,13951,14067,14353,14.59,13637,12713,11.68,11.7,10.88,13.56,12552,11033,10827
Niger,NER,"Unemployment, total (% of total labor force) (modeled ILO estimate)",SL.UEM.TOTL.ZS,,,,,,,,,,,,,,,,,,,,,,,,,,,,,,,,1618,1594,1557,1506,1496,1.5,1507,1357,1363,1415,1.47,1.79,2111,2765,3.1,2504,1.99,1559,1203,707,0.32,2.18,1412,0.52,564,0.56,572,0.55,548,657,862,571,533
Nigeria,NGA,"Unemployment, total (% of total labor force) (modeled ILO estimate)",SL.UEM.TOTL.ZS,,,,,,,,,,,,,,,,,,,,,,,,,,,,,,,,3.83,3773,4095,4152,4276,4.12,4008,3948,4037,3991,3.92,3606,3566,3507,3692,3726,3791,3791,3755,3731,3.77,3768,3.71,3878,4106,4.52,4885,5119,5206,5633,5264,3.83,3576
Nicaragua,NIC,"Unemployment, total (% of total labor force) (modeled ILO estimate)",SL.UEM.TOTL.ZS,,,,,,,,,,,,,,,,,,,,,,,,,,,,,,,,8066,7954,7.97,7788,7513,7194,7161,7256,7219,7208,7238,7528,7.6,6.41,5.37,5.31,4.89,6.2,8.16,7.83,6615,5.21,5.28,4.52,4.7,3.9,3.3,5.2,5492,6276,6273,4.99,4746
Netherlands,NLD,"Unemployment, total (% of total labor force) (modeled ILO estimate)",SL.UEM.TOTL.ZS,,,,,,,,,,,,,,,,,,,,,,,,,,,,,,,,7.28,5.56,6.29,7.16,7.16,6.42,5.51,4.39,3.62,2.73,2.12,2.55,3.59,4.65,5.87,5,4.15,3.65,4.35,4.99,4.98,5.82,7.24,7.42,6.87,6.01,4.84,3.83,3.38,3.82,4.21,3.52,3515
Norway,NOR,"Unemployment, total (% of total labor force) (modeled ILO estimate)",SL.UEM.TOTL.ZS,,,,,,,,,,,,,,,,,,,,,,,,,,,,,,,,5.47,5.92,5.94,5.42,6.31,5.04,4.69,3.74,3.25,3.46,3.74,4.02,4.22,4.26,4.38,3.4,2.49,2.55,3.1,3.52,3.21,3.12,3.42,3.48,4.3,4.68,4.16,3.8,3.69,4.42,4.37,3.23,3501
Nepal,NPL,"Unemployment, total (% of total labor force) (modeled ILO estimate)",SL.UEM.TOTL.ZS,,,,,,,,,,,,,,,,,,,,,,,,,,,,,,,,10622,10626,10631,10632,10638,10641,10652,10658,10665,10668,10669,10678,10682,10682,10675,10675,10676,10.67,10666,10661,10665,10664,10666,10661,10662,10667,10.66,10652,10.64,13119,12581,10923,10968
Nauru,NRU,"Unemployment, total (% of total labor force) (modeled ILO estimate)",SL.UEM.TOTL.ZS,,,,,,,,,,,,,,,,,,,,,,,,,,,,,,,,,,,,,,,,,,,,,,,,,,,,,,,,,,,,,,,,
New Zealand,NZL,"Unemployment, total (% of total labor force) (modeled ILO estimate)",SL.UEM.TOTL.ZS,,,,,,,,,,,,,,,,,,,,,,,,,,,,,,,,10.61,10.67,9.8,8.35,6.46,6.29,6.86,7.72,7.02,6.13,5.43,5.28,4.75,4.01,3.81,3.86,3.66,4.17,6.12,6.56,6.49,6.93,5.84,5.43,5.42,5.15,4.74,4.34,4.11,4.6,3.78,3.3,3.73
OECD members,OED,"Unemployment, total (% of total labor force) (modeled ILO estimate)",SL.UEM.TOTL.ZS,,,,,,,,,,,,,,,,,,,,,,,,,,,,,,,,6.78195651744217,7.26101887324299,7.72802280879072,7.80960350660706,7.57806954234994,7.52769287965955,7.24404403500489,7.21634202546076,7.1674717562227,6.76211423439123,6.6266190579961,7.13423496004972,7.26115058177657,7.1807591076812,6.82125162624386,6.27457251303706,5.82353740375286,6.14644607067186,8.29697433562067,8.44791374069504,8.05712640075694,8.037600946036,7.92672908933537,7.39903711068874,6.84803389516746,6.42993851787984,5.89936582296116,5.46108995257899,5.38305182761568,7.13749180760928,6.19996696584561,4.98531089920528,4.83577588670896
Oman,OMN,"Unemployment, total (% of total labor force) (modeled ILO estimate)",SL.UEM.TOTL.ZS,,,,,,,,,,,,,,,,,,,,,,,,,,,,,,,,4177,4275,4133,4.19,4273,4346,4284,4.34,4407,4387,4331,4363,4614,4705,4597,4371,4286,4.14,3993,3924,3917,3724,3522,3436,3393,3.27,2526,1.8,2051,2.94,1.9,1531,1495
Other small states,OSS,"Unemployment, total (% of total labor force) (modeled ILO estimate)",SL.UEM.TOTL.ZS,,,,,,,,,,,,,,,,,,,,,,,,,,,,,,,,9.70540523572381,10.2126935429405,10.8926601801369,11.2093862099066,11.5631300581399,11.679344378785,11.7902725466674,11.6300929599146,11.6738511559717,11.4960662563827,11.6756735147254,11.6046051983576,11.9639654919372,11.7467289198363,11.4035734146254,10.7248504004897,10.1829434314473,9.85684904331312,10.5709215538123,10.7920392422087,10.4077407520278,10.1146651820553,10.3137709085037,10.0180950021524,9.87176025548147,9.81304374003118,9.43844711620509,9.03251437288641,8.91265544694644,9.93515567797044,10.0029351593087,9.44679747576215,9.29337080812137
Pakistan,PAK,"Unemployment, total (% of total labor force) (modeled ILO estimate)",SL.UEM.TOTL.ZS,,,,,,,,,,,,,,,,,,,,,,,,,,,,,,,,583,583,585,585,586,585,586,587,587,585,585,585,584,582,0.58,0.58,0.4,0.42,0.54,0.65,0.8,3.67,2.95,1.83,3.57,2.29,3187,4.08,4.83,6215,6.34,5595,5717
Panama,PAN,"Unemployment, total (% of total labor force) (modeled ILO estimate)",SL.UEM.TOTL.ZS,,,,,,,,,,,,,,,,,,,,,,,,,,,,,,,,6501,6342,6.39,6.48,6.55,6562,6456,6325,6309,6344,6451,6439,6412,6185,6053,5857,5748,5707,5851,5875,4.05,3717,3703,4419,4368,4759,5392,5218,6.33,14183,10451,8202,7648
Peru,PER,"Unemployment, total (% of total labor force) (modeled ILO estimate)",SL.UEM.TOTL.ZS,,,,,,,,,,,,,,,,,,,,,,,,,,,,,,,,4979,5107,4848,4557,4757,4958,4797,5105,5018,4963,5058,4.84,4.15,4.71,4.87,4.17,4.08,4.03,3.96,3.6,3.48,3.24,3.57,3.21,3.27,3.74,3.69,3.49,3.38,7.18,5.1,3.85,3506
Philippines,PHL,"Unemployment, total (% of total labor force) (modeled ILO estimate)",SL.UEM.TOTL.ZS,,,,,,,,,,,,,,,,,,,,,,,,,,,,,,,,3777,3.88,3893,3798,3718,3649,3631,3717,3758,3768,3.7,3618,3.53,3.55,3.8,4.05,3.43,3.72,3.86,3.61,3.59,3.5,3.5,3.6,3.07,2.7,2.55,2.34,2.24,2.52,3.4,2375,2244
Palau,PLW,"Unemployment, total (% of total labor force) (modeled ILO estimate)",SL.UEM.TOTL.ZS,,,,,,,,,,,,,,,,,,,,,,,,,,,,,,,,,,,,,,,,,,,,,,,,,,,,,,,,,,,,,,,,
Papua New Guinea,PNG,"Unemployment, total (% of total labor force) (modeled ILO estimate)",SL.UEM.TOTL.ZS,,,,,,,,,,,,,,,,,,,,,,,,,,,,,,,,2856,2684,2472,2.5,2664,2771,2878,2878,2942,2.92,2803,2752,2627,2526,2391,2291,2178,2167,2087,2,2.62,2639,2703,2.57,2548,2529,2628,2698,2707,3067,3.24,2779,2739
Poland,POL,"Unemployment, total (% of total labor force) (modeled ILO estimate)",SL.UEM.TOTL.ZS,,,,,,,,,,,,,,,,,,,,,,,,,,,,,,,,13642,13.65,14.01,14.44,13.34,12.34,10.96,9.94,12.29,16.31,18.37,19.89,19.37,19.07,17.75,13.84,9.6,7.12,8.17,9.64,9.63,10.09,10.33,8.99,7.5,6.16,4.89,3.85,3.28,3.16,3.36,2.89,2804
Pre-demographic dividend,PRE,"Unemployment, total (% of total labor force) (modeled ILO estimate)",SL.UEM.TOTL.ZS,,,,,,,,,,,,,,,,,,,,,,,,,,,,,,,,5.4774856112984,5.5561618723728,5.65124144673985,5.62433043292101,5.46742496512846,5.30746655285773,5.17992246642788,5.16598988948636,5.22641763285911,5.27619695191887,5.26263920638636,5.21451428569436,5.19036913209791,5.11587389998072,5.094213581968,5.08250274645038,5.03842819445337,5.03316651200168,5.09776560347772,5.30410778532992,5.37051478925603,5.28581109807213,5.13679824428033,5.10677582756328,5.1853111338747,5.3049695942093,5.61472164680544,5.62591757256549,5.68738008149718,6.27952514332404,6.18606250795654,5.50635106986651,5.5191623983066
Puerto Rico,PRI,"Unemployment, total (% of total labor force) (modeled ILO estimate)",SL.UEM.TOTL.ZS,,,,,,,,,,,,,,,,,,,,,,,,,,,,,,,,16.18,16.93,16.91,14.6,13.93,13.64,13.8,13.46,11.81,10.08,11.4,11.94,11.78,10.31,11.35,11.01,10.93,11.48,15,16.1,15.7,14.5,14.3,13.9,12,11.8,10.8,9.2,8.3,8.89,7.9,6,6.21
"Korea, Dem. People's Rep.",PRK,"Unemployment, total (% of total labor force) (modeled ILO estimate)",SL.UEM.TOTL.ZS,,,,,,,,,,,,,,,,,,,,,,,,,,,,,,,,2375,2.41,2514,2624,2646,2683,2773,2965,3158,3143,3159,3122,3138,3092,3049,3018,3005,2934,2921,2852,2929,2951,2.96,2913,2932,2955,2875,2822,2807,3116,3.23,3072,3007
Portugal,PRT,"Unemployment, total (% of total labor force) (modeled ILO estimate)",SL.UEM.TOTL.ZS,,,,,,,,,,,,,,,,,,,,,,,,,,,,,,,,3.92,3.98,5.3,6.71,7.06,7.3,6.57,4.64,4.58,3.81,3.83,4.5,6.13,6.32,7.58,7.65,7.97,7.55,9.43,10.77,12.68,15.53,16.19,13.9,12.45,11.07,8.87,6.99,6.46,6.8,6.58,6.01,6.47
Paraguay,PRY,"Unemployment, total (% of total labor force) (modeled ILO estimate)",SL.UEM.TOTL.ZS,,,,,,,,,,,,,,,,,,,,,,,,,,,,,,,,5.1,4.98,5.06,4.41,3.4,8.15,5.36,4.42,5.34,7.61,6.21,9.39,6.81,6.51,4.82,5.28,4.71,4.42,5.46,4.57,4.67,4.09,4.38,5.03,4.56,5.25,6.14,6.22,6.59,7.55,7.31,6.75,5629
West Bank and Gaza,PSE,"Unemployment, total (% of total labor force) (modeled ILO estimate)",SL.UEM.TOTL.ZS,,,,,,,,,,,,,,,,,,,,,,,,,,,,,,,,10577,10349,10442,10233,10412,10516,10534,10457,10.38,10.63,21.49,27.46,23,23.21,20.02,19.01,18.28,22.91,20.45,21.42,17.6,19.2,19.89,20.53,23,23.94,25.68,26.26,25.34,25.89,26.39,24.42,
Pacific island small states,PSS,"Unemployment, total (% of total labor force) (modeled ILO estimate)",SL.UEM.TOTL.ZS,,,,,,,,,,,,,,,,,,,,,,,,,,,,,,,,3.88217761731994,3.88683931927124,3.94971035738271,3.92587903168341,3.99861321005943,4.03116567132863,4.15932332626862,4.25284799690725,4.29133462105863,4.38018022824896,4.47520958347917,4.56074261855178,4.4713332834636,4.3088759596163,3.80949002732438,3.7777712535437,3.73927525557574,3.65345483868611,3.59829450379684,3.51199848346277,3.46166307529929,3.57539883168346,3.47031385945327,3.45742136371385,3.4558714977745,3.46206235035496,3.47923892607674,3.48562451504486,3.50845834916373,3.57707776802985,3.70255104789736,3.89048334507827,3.72067485325604
Post-demographic dividend,PST,"Unemployment, total (% of total labor force) (modeled ILO estimate)",SL.UEM.TOTL.ZS,,,,,,,,,,,,,,,,,,,,,,,,,,,,,,,,6.30233439708147,6.91826490919073,7.51617528142089,7.50991907390526,7.38041287842228,7.55711460108804,7.36350399590682,7.39733030545733,7.11574445079937,6.53364164649653,6.37743880515784,6.76675165502645,6.85013430199118,6.65735054853389,6.37608231162621,5.96342009227533,5.54724621872696,5.88446963784195,8.03907764363483,8.31461502440768,8.02508300699547,8.08186881784973,7.96409288869464,7.44141638468826,6.86854874672104,6.40463654178715,5.83754404959665,5.28927738233121,4.93952821341989,6.70652908775072,5.79606301058922,4.51129534101957,4.46788457121934
French Polynesia,PYF,"Unemployment, total (% of total labor force) (modeled ILO estimate)",SL.UEM.TOTL.ZS,,,,,,,,,,,,,,,,,,,,,,,,,,,,,,,,11744,11854,11893,12064,12018,11985,11923,11843,11748,11628,11686,11.71,11714,11643,11632,11.74,11.74,11878,11933,12105,12.17,12133,11954,11734,11542,11441,11402,11417,11443,12829,12363,11797,11669
Qatar,QAT,"Unemployment, total (% of total labor force) (modeled ILO estimate)",SL.UEM.TOTL.ZS,,,,,,,,,,,,,,,,,,,,,,,,,,,,,,,,0.87,0.87,0.87,0.87,0.87,0.87,0.87,0.87,0.87,0.87,0.87,0.87,0.87,0.87,0.87,0.87,0.52,0.31,0.31,0.45,0.56,0.48,0.28,0.2,0.17,0.15,0.14,0.11,0.1,0.14,0.14,0.13,132
Romania,ROU,"Unemployment, total (% of total labor force) (modeled ILO estimate)",SL.UEM.TOTL.ZS,,,,,,,,,,,,,,,,,,,,,,,,,,,,,,,,8246,8.26,8.24,8.17,8.01,6.74,5.52,5.63,6.24,6.97,6.56,8.11,6.95,7.72,7.17,7.27,6.41,5.79,6.86,6.96,7.18,6.79,7.1,6.8,6.81,5.9,4.93,4.19,3.91,5.03,5.59,5.61,5616
Russian Federation,RUS,"Unemployment, total (% of total labor force) (modeled ILO estimate)",SL.UEM.TOTL.ZS,,,,,,,,,,,,,,,,,,,,,,,,,,,,,,,,5134,5.18,5.88,8.13,9.45,9.67,11.81,13.26,13.04,10.58,8.98,7.88,8.21,7.76,7.12,7.06,6,6.21,8.3,7.37,6.54,5.44,5.46,5.16,5.57,5.56,5.21,4.85,4.5,5.59,4.72,3867,3159
Rwanda,RWA,"Unemployment, total (% of total labor force) (modeled ILO estimate)",SL.UEM.TOTL.ZS,,,,,,,,,,,,,,,,,,,,,,,,,,,,,,,,12776,12536,12493,12531,12253,11731,11133,11302,11616,11831,11851,11522,11751,11784,11928,11.65,11639,11567,11676,11682,11801,11703,11.8,11866,11853,11799,11.88,10.76,11.24,11.83,15.79,15.08,14945
South Asia,SAS,"Unemployment, total (% of total labor force) (modeled ILO estimate)",SL.UEM.TOTL.ZS,,,,,,,,,,,,,,,,,,,,,,,,,,,,,,,,6.05018302259992,6.04263479761528,6.04778606497257,6.0318355416323,6.16054790187639,6.27406528126758,6.40705047994451,6.54089276388778,6.68232571615865,6.8091812289155,6.96106792818764,7.13479366839347,7.27729852330109,7.39233331353557,7.49790840031243,7.35672481741731,7.31326910461852,7.29059793539319,7.28548714836744,7.0565050992816,7.01911992753518,7.26627206519181,7.16714666796732,6.98891005131499,7.10764034307077,6.92215589233764,6.9577831907644,6.99016411246243,6.2003318492993,7.50344402038354,6.3932567244939,5.05029106699545,4.94924732916331
Saudi Arabia,SAU,"Unemployment, total (% of total labor force) (modeled ILO estimate)",SL.UEM.TOTL.ZS,,,,,,,,,,,,,,,,,,,,,,,,,,,,,,,,7285,7.2,7052,6.84,6402,5823,5.31,4.77,4.35,4.57,4.62,5.26,5.56,5.82,6.05,6.25,5.73,5.09,5.38,5.55,5.77,5.62,5.6,5.88,5.6,5.6,5.89,6.03,5.64,7.45,6.62,5.59,5007
Sudan,SDN,"Unemployment, total (% of total labor force) (modeled ILO estimate)",SL.UEM.TOTL.ZS,,,,,,,,,,,,,,,,,,,,,,,,,,,,,,,,15,15094,14803,14997,15.01,14963,14.44,14483,14559,14913,14.84,14747,14744,14.78,14786,14773,14.75,14.8,13,15117,17.44,17971,18044,17745,17055,17001,17141,17306,17514,19208,19188,17585,20813
Senegal,SEN,"Unemployment, total (% of total labor force) (modeled ILO estimate)",SL.UEM.TOTL.ZS,,,,,,,,,,,,,,,,,,,,,,,,,,,,,,,,5782,5912,5805,5939,5731,5698,5.55,5529,5336,5298,5366,5.65,6709,7.83,8659,10.03,10184,10237,10201,10153,10.36,9471,8764,7653,6.76,4.46,4.08,3.57,2.86,3339,3321,3012,2965
Singapore,SGP,"Unemployment, total (% of total labor force) (modeled ILO estimate)",SL.UEM.TOTL.ZS,,,,,,,,,,,,,,,,,,,,,,,,,,,,,,,,2.18,3.09,3.07,3.03,3.3,3.57,2.5,3.41,4.85,3.7,3.76,5.65,5.93,5.84,5.59,4.48,3.9,3.96,5.86,4.12,3.89,3.72,3.86,3.74,3.79,4.08,4.2,3606,3.1,4.1,4.64,3.59,3199
Solomon Islands,SLB,"Unemployment, total (% of total labor force) (modeled ILO estimate)",SL.UEM.TOTL.ZS,,,,,,,,,,,,,,,,,,,,,,,,,,,,,,,,2009,1904,1881,1856,1885,1912,2024,2144,2173,2381,2541,2586,2244,2023,1897,1929,1982,2,2.02,1626,1299,987,0.69,721,726,725,717,713,733,891,937,1609,1601
Sierra Leone,SLE,"Unemployment, total (% of total labor force) (modeled ILO estimate)",SL.UEM.TOTL.ZS,,,,,,,,,,,,,,,,,,,,,,,,,,,,,,,,4147,4413,4442,4505,4353,4349,4405,4273,4325,4161,4269,3911,3.88,3.42,3786,3981,4097,4219,4366,4538,4.66,4.62,4532,4.68,4742,4458,3953,3.19,3199,3565,3663,3269,3205
El Salvador,SLV,"Unemployment, total (% of total labor force) (modeled ILO estimate)",SL.UEM.TOTL.ZS,,,,,,,,,,,,,,,,,,,,,,,,,,,,,,,,7.53,7.88,9.94,7.68,7.65,7.68,7.98,7.1,7.3,6.96,6.96,6.2,6.9,6.8,7.22,6.57,6.41,5.88,7.33,4.89,4.3,3.84,3.69,4.15,4,4.42,4.39,4.01,4.17,5.01,4.33,3,2766
San Marino,SMR,"Unemployment, total (% of total labor force) (modeled ILO estimate)",SL.UEM.TOTL.ZS,,,,,,,,,,,,,,,,,,,,,,,,,,,,,,,,,,,,,,,,,,,,,,,,,,,,,,,,,,,,,,,,
Somalia,SOM,"Unemployment, total (% of total labor force) (modeled ILO estimate)",SL.UEM.TOTL.ZS,,,,,,,,,,,,,,,,,,,,,,,,,,,,,,,,19.17,19.49,19282,20.11,19618,19466,18751,18662,18694,18483,18.47,18464,18459,18474,18509,18568,18.52,18568,18593,18627,18661,18872,18.92,18887,18387,18293,18497,18781,18.83,19587,19936,19291,19194
Serbia,SRB,"Unemployment, total (% of total labor force) (modeled ILO estimate)",SL.UEM.TOTL.ZS,,,,,,,,,,,,,,,,,,,,,,,,,,,,,,,,13358,13456,13562,13513,13.4,13.2,13.8,13.7,13.7,12.6,12.8,13.8,15.2,18.5,20.85,20.85,18.06,13.67,16.12,19.2,22.96,24,22.15,19.22,17.66,15.26,13.48,12.73,10.39,9.01,10.06,8684,7836
Sub-Saharan Africa (excluding high income),SSA,"Unemployment, total (% of total labor force) (modeled ILO estimate)",SL.UEM.TOTL.ZS,,,,,,,,,,,,,,,,,,,,,,,,,,,,,,,,6.49854480818548,6.63794389226709,6.68388580030394,6.61077751713387,6.43513489094469,6.32478390702489,6.27045861481899,6.31043983203983,6.44201044310495,6.43749130618957,6.33353617262116,6.22655046405753,6.16450403542903,6.01581140300012,5.91413568353362,5.8230731209802,5.77992757386379,5.78137635334499,5.87251804273153,6.11789646030658,6.03453198024479,5.92053268537828,5.74838030647281,5.78434305586119,5.9498694333007,6.04449967928799,6.15268047443096,6.13988855715178,6.26434966430699,6.73889298102832,6.93366863563608,6.29373318224257,6.23516027104666
South Sudan,SSD,"Unemployment, total (% of total labor force) (modeled ILO estimate)",SL.UEM.TOTL.ZS,,,,,,,,,,,,,,,,,,,,,,,,,,,,,,,,12278,12354,12117,12281,12297,12265,11842,11881,11946,12239,12183,12.11,12112,12142,12145,12133,12112,12.15,12.38,12422,12.6,12.98,12731,12564,12411,13128,13404,13.17,12781,14413,14295,12442,12038
Sub-Saharan Africa,SSF,"Unemployment, total (% of total labor force) (modeled ILO estimate)",SL.UEM.TOTL.ZS,,,,,,,,,,,,,,,,,,,,,,,,,,,,,,,,6.49854480818548,6.63794389226709,6.68388580030394,6.61077751713387,6.43513489094469,6.32478390702489,6.27045861481899,6.31043983203983,6.44201044310495,6.43749130618957,6.33353617262116,6.22655046405753,6.16450403542903,6.01581140300012,5.91413568353361,5.8230731209802,5.77992757386379,5.78137635334499,5.87251804273153,6.11789646030658,6.03453198024479,5.92053268537828,5.7483803064728,5.78434305586119,5.9498694333007,6.04449967928798,6.15268047443096,6.13988855715178,6.26434966430698,6.73889298102832,6.93366863563607,6.29373318224257,6.23516027104665
Small states,SST,"Unemployment, total (% of total labor force) (modeled ILO estimate)",SL.UEM.TOTL.ZS,,,,,,,,,,,,,,,,,,,,,,,,,,,,,,,,9.87371748821418,10.3436584522851,10.7781034305105,10.9161413559685,10.9716437910804,11.0284437056693,11.0486408485096,10.8864802270966,10.8472737954518,10.6256568901427,10.6739800285674,10.6485923477971,10.9312954066504,10.6049549102233,10.3038914205906,9.66532396612774,9.22754025973098,8.96437522058822,9.71781598219076,9.86681685984248,9.61628963785518,9.48610820250746,9.70887091721316,9.41141269052351,9.25191903682875,9.23497057177571,8.82779589542631,8.38964878008943,8.23635505348479,9.30968265037035,9.30813910361992,8.71608963274025,8.50924868764787
Sao Tome and Principe,STP,"Unemployment, total (% of total labor force) (modeled ILO estimate)",SL.UEM.TOTL.ZS,,,,,,,,,,,,,,,,,,,,,,,,,,,,,,,,14533,14746,14501,14436,14349,14331,14439,14412,14345,14.4,15.73,17.63,16.36,16.12,16.47,16.65,16078,15545,15507,14674,14232,13.59,13747,13604,13562,13624,13838,13922,14083,15373,15413,14354,14242
Suriname,SUR,"Unemployment, total (% of total labor force) (modeled ILO estimate)",SL.UEM.TOTL.ZS,,,,,,,,,,,,,,,,,,,,,,,,,,,,,,,,17.09,17.28,15.64,12.7,8.39,10.88,10.56,10.63,13.6,12973,12135,11231,10.35,9.49,9264,9097,9005,8832,8.72,7.15,7.54,8.1,6.6,6.94,7.22,7.92,7885,7687,7547,8739,8.53,8226,8015
Slovak Republic,SVK,"Unemployment, total (% of total labor force) (modeled ILO estimate)",SL.UEM.TOTL.ZS,,,,,,,,,,,,,,,,,,,,,,,,,,,,,,,,12165,12213,12.2,13.65,13.11,11.34,11.89,12.42,16.1,18.55,19.15,18.54,17.55,18.21,16.28,13.39,11.16,9.51,12.02,14.39,13.63,13.97,14.23,11.54,11.49,9.68,8.14,6.54,5.76,6.72,6.89,6.14,5828
Slovenia,SVN,"Unemployment, total (% of total labor force) (modeled ILO estimate)",SL.UEM.TOTL.ZS,,,,,,,,,,,,,,,,,,,,,,,,,,,,,,,,7.08,7825,8.51,8.24,7.15,6.91,6.65,7.39,7.32,6.92,6.39,6.35,6.71,6.33,6.55,5.99,4.87,4.41,5.89,7.26,8.2,8.88,10.14,9.72,9,8.02,6.57,5.13,4.45,4.99,4.74,4.01,3518
Sweden,SWE,"Unemployment, total (% of total labor force) (modeled ILO estimate)",SL.UEM.TOTL.ZS,,,,,,,,,,,,,,,,,,,,,,,,,,,,,,,,3.13,5.59,9.19,9.49,8.9,9.55,10.36,8.94,7.61,5.47,4.73,4.97,5.55,6.69,7.49,7.07,6.16,6.23,8.35,8.61,7.8,7.98,8.05,7.95,7.43,6.99,6.72,6.36,6.83,8.29,8.72,7.39,7735
Eswatini,SWZ,"Unemployment, total (% of total labor force) (modeled ILO estimate)",SL.UEM.TOTL.ZS,,,,,,,,,,,,,,,,,,,,,,,,,,,,,,,,20264,20766,21754,21.73,21.65,22076,22.5,23246,23915,24616,25334,25855,26323,26754,27246,27698,28.24,27919,27533,26869,26061,25099,24393,23774,23263,22.72,22.65,22637,22535,24769,24372,22643,22.19
Sint Maarten (Dutch part),SXM,"Unemployment, total (% of total labor force) (modeled ILO estimate)",SL.UEM.TOTL.ZS,,,,,,,,,,,,,,,,,,,,,,,,,,,,,,,,,,,,,,,,,,,,,,,,,,,,,,,,,,,,,,,,
Seychelles,SYC,"Unemployment, total (% of total labor force) (modeled ILO estimate)",SL.UEM.TOTL.ZS,,,,,,,,,,,,,,,,,,,,,,,,,,,,,,,,,,,,,,,,,,,,,,,,,,,,,,,,,,,,,,,,
Syrian Arab Republic,SYR,"Unemployment, total (% of total labor force) (modeled ILO estimate)",SL.UEM.TOTL.ZS,,,,,,,,,,,,,,,,,,,,,,,,,,,,,,,,6.75,6966,7.4,7.5,7.2,7232,7322,7393,7.6,9592,11.63,10941,10.28,9522,8.82,8.17,8.42,10.94,8.14,8.61,8611,13.8,14419,14683,14246,13856,13672,13562,13409,15279,15084,13809,13487
Turks and Caicos Islands,TCA,"Unemployment, total (% of total labor force) (modeled ILO estimate)",SL.UEM.TOTL.ZS,,,,,,,,,,,,,,,,,,,,,,,,,,,,,,,,,,,,,,,,,,,,,,,,,,,,,,,,,,,,,,,,
Chad,TCD,"Unemployment, total (% of total labor force) (modeled ILO estimate)",SL.UEM.TOTL.ZS,,,,,,,,,,,,,,,,,,,,,,,,,,,,,,,,662,649,0.7,708,756,686,0.72,708,735,782,772,742,691,637,0.63,671,796,885,878,836,864,852,908,883,931,1022,1111,1.13,1057,1684,1591,1.1,992
East Asia & Pacific (IDA & IBRD countries),TEA,"Unemployment, total (% of total labor force) (modeled ILO estimate)",SL.UEM.TOTL.ZS,,,,,,,,,,,,,,,,,,,,,,,,,,,,,,,,2.40913619782709,2.37581429356082,2.62802844271963,2.92685953684002,3.01028188936283,3.11565940526828,3.20803462418705,3.37410706076278,3.46456650795067,3.4203448916628,3.85122500128607,4.17180588411581,4.42500665810509,4.41771774575436,4.4962107113092,4.38947183511284,4.36901349903105,4.45482975976946,4.4405262618536,4.17598974822574,4.1255416391613,4.06422876439241,4.06569195861523,4.06243087520067,4.13748642126874,4.05401798126704,3.93158281148434,3.82460297392069,3.91210953663921,4.39131576974195,4.14085260023508,4.25377777133241,4.20979039557126
Europe & Central Asia (IDA & IBRD countries),TEC,"Unemployment, total (% of total labor force) (modeled ILO estimate)",SL.UEM.TOTL.ZS,,,,,,,,,,,,,,,,,,,,,,,,,,,,,,,,5.93892282349565,6.35801005522718,6.97792813972858,8.35175921635767,9.33337432170665,9.9331733823702,10.6037329814681,11.4669864060738,11.897433427835,11.1599565918131,10.7734048515658,10.5589578077077,10.3010232421059,10.0290002353324,9.36639691179074,8.56033371080134,7.46733534741833,7.20251938356746,8.83266258571204,8.43836657908845,7.90569490583185,7.43692666691993,7.500925820741,7.56735682491703,7.53575574079561,7.37006141938324,7.01738199263581,6.57434690388048,6.62104068092671,7.12265222614619,6.74847001144849,5.59705588159299,5.1434199687482
Togo,TGO,"Unemployment, total (% of total labor force) (modeled ILO estimate)",SL.UEM.TOTL.ZS,,,,,,,,,,,,,,,,,,,,,,,,,,,,,,,,4046,4232,4604,4218,3955,3493,3505,3693,3.82,4152,4084,4057,3898,3939,4131,4.23,3834,3.27,2841,2368,1.98,2023,2077,2136,2.2,2957,3.74,3759,3765,4172,4398,3846,3724
Thailand,THA,"Unemployment, total (% of total labor force) (modeled ILO estimate)",SL.UEM.TOTL.ZS,,,,,,,,,,,,,,,,,,,,,,,,,,,,,,,,2.63,1.35,1.49,1.35,1.1,1.07,0.87,3.4,2.97,2.39,2.6,1.82,1.54,1.51,1.35,1.22,1.18,1.18,1.49,0.62,0.66,0.58,0.25,0.58,0.6,0.69,0.83,0.77,0.72,1.1,1.21,0.94,0.89
Tajikistan,TJK,"Unemployment, total (% of total labor force) (modeled ILO estimate)",SL.UEM.TOTL.ZS,,,,,,,,,,,,,,,,,,,,,,,,,,,,,,,,1.9,2.1,6.2,8.8,10.3,13.4,13.9,16.5,15.4,14972,14565,14147,13.75,13362,12994,12626,12253,11869,11.5,10844,10186,9517,8859,8205,7554,6.9,6898,6895,6894,7304,7469,7001,6898
Turkmenistan,TKM,"Unemployment, total (% of total labor force) (modeled ILO estimate)",SL.UEM.TOTL.ZS,,,,,,,,,,,,,,,,,,,,,,,,,,,,,,,,1.4,1.5,1.5,4.7,8.3,10.3,11,12.2,12.7,11747,10893,10095,9233,8361,7454,6571,5.7,4844,4,4,4001,3994,3995,4005,4016,4026,4036,4.04,4043,4551,4529,4126,4101
Latin America & the Caribbean (IDA & IBRD countries),TLA,"Unemployment, total (% of total labor force) (modeled ILO estimate)",SL.UEM.TOTL.ZS,,,,,,,,,,,,,,,,,,,,,,,,,,,,,,,,5.96038339030349,5.92273761500576,5.9191187346819,6.57590427149188,7.86585695758246,8.28168188114737,8.1335783770698,8.51182148926301,9.49722179025157,9.54993385959648,9.16034030297546,9.52036351390666,9.39423476278048,8.87930425243832,8.33716765827211,7.69984077221937,7.30804020414849,6.91280827928978,7.88945035099418,7.25252689044211,6.7258728169317,6.43412201793964,6.38848106210188,6.20417473898821,6.73294420481869,7.83166255233631,8.1401878461141,8.04481038948532,8.1247644525421,10.3672716869307,9.33410280521184,7.00203684352295,6.27508967177275
Timor-Leste,TLS,"Unemployment, total (% of total labor force) (modeled ILO estimate)",SL.UEM.TOTL.ZS,,,,,,,,,,,,,,,,,,,,,,,,,,,,,,,,3345,3311,3277,3296,3315,3327,3355,3.41,3638,3578,3475,3331,3406,3486,3439,3449,3402,3362,3296,3.3,3532,3767,4.01,4228,4451,4.66,4191,3.69,3079,2791,2.34,1786,1.79
Middle East & North Africa (IDA & IBRD countries),TMN,"Unemployment, total (% of total labor force) (modeled ILO estimate)",SL.UEM.TOTL.ZS,,,,,,,,,,,,,,,,,,,,,,,,,,,,,,,,11.9098022792191,12.078749190572,12.8656075647145,12.9655195386457,13.3769921512151,12.2420822150476,11.9713915209501,12.1306240643218,12.5043847503098,13.1095828628791,13.0859423449534,13.1503039755643,12.8025733452592,11.4733348106103,11.7031547092525,10.9542215681726,10.4896973196735,10.2490692541797,10.4199548173047,10.681051382794,11.4416392316758,11.9535903040401,11.6866658730346,11.8232291688053,12.257082013017,12.3963209087938,12.626250797593,12.1580498833785,11.3857620448744,12.0278179973106,11.7370167526586,10.8576025545738,10.7575402550459
Tonga,TON,"Unemployment, total (% of total labor force) (modeled ILO estimate)",SL.UEM.TOTL.ZS,,,,,,,,,,,,,,,,,,,,,,,,,,,,,,,,1347,1347,1.3,1708,2015,2421,2866,3354,3711,4115,4475,4835,5.18,3933,2562,1.09,1183,1258,1409,1515,1605,1651,1761,1922,2025,2051,2136,2.25,2136,2733,2.11,2429,2365
South Asia (IDA & IBRD),TSA,"Unemployment, total (% of total labor force) (modeled ILO estimate)",SL.UEM.TOTL.ZS,,,,,,,,,,,,,,,,,,,,,,,,,,,,,,,,6.05018302259992,6.04263479761528,6.04778606497257,6.0318355416323,6.16054790187639,6.27406528126758,6.40705047994451,6.54089276388778,6.68232571615865,6.8091812289155,6.96106792818764,7.13479366839348,7.27729852330109,7.39233331353557,7.49790840031243,7.35672481741731,7.31326910461852,7.29059793539319,7.28548714836744,7.0565050992816,7.01911992753519,7.26627206519181,7.16714666796732,6.98891005131499,7.10764034307077,6.92215589233764,6.9577831907644,6.99016411246243,6.20033184929929,7.50344402038354,6.3932567244939,5.05029106699545,4.94924732916331
Sub-Saharan Africa (IDA & IBRD countries),TSS,"Unemployment, total (% of total labor force) (modeled ILO estimate)",SL.UEM.TOTL.ZS,,,,,,,,,,,,,,,,,,,,,,,,,,,,,,,,6.49854480818548,6.63794389226709,6.68388580030394,6.61077751713387,6.43513489094469,6.32478390702489,6.27045861481899,6.31043983203983,6.44201044310495,6.43749130618957,6.33353617262116,6.22655046405753,6.16450403542903,6.01581140300012,5.91413568353361,5.82307312098019,5.77992757386379,5.78137635334499,5.87251804273153,6.11789646030658,6.03453198024479,5.92053268537828,5.74838030647281,5.78434305586119,5.9498694333007,6.04449967928799,6.15268047443096,6.13988855715178,6.26434966430698,6.73889298102832,6.93366863563607,6.29373318224257,6.23516027104665
Trinidad and Tobago,TTO,"Unemployment, total (% of total labor force) (modeled ILO estimate)",SL.UEM.TOTL.ZS,,,,,,,,,,,,,,,,,,,,,,,,,,,,,,,,18.52,19.66,19.81,18.44,17.22,16.25,15.01,14.21,13.12,12.1,10.88,10.39,10.48,8.33,7.95,6.27,5.54,4.63,5.28,4.03,3.43,3.72,2.68,2.48,2.43,3.21,3388,3.49,3.52,4.21,4.45,3812,3538
Tunisia,TUN,"Unemployment, total (% of total labor force) (modeled ILO estimate)",SL.UEM.TOTL.ZS,,,,,,,,,,,,,,,,,,,,,,,,,,,,,,,,15996,15685,15997,16042,16338,16064,15.94,15483,15.21,14.94,14.4,14.55,14.51,14.23,12.87,12.51,12.36,12.44,13.29,13.05,18.33,17.63,15.93,14.26,15.16,15.56,15.33,15.46,17.15,18629,18524,17759,17715
Turkiye,TUR,"Unemployment, total (% of total labor force) (modeled ILO estimate)",SL.UEM.TOTL.ZS,,,,,,,,,,,,,,,,,,,,,,,,,,,,,,,,8.11,8.18,8.25,8.15,7.24,6.26,6.45,6.55,7.45,6.3,8.37,10.35,10.55,10.83,10.63,8.72,8.87,9.71,12.55,10.66,8.8,8.15,8.73,9.88,10.24,10.84,10.82,10.89,13.67,13.11,11.98,10.43,9639
Tuvalu,TUV,"Unemployment, total (% of total labor force) (modeled ILO estimate)",SL.UEM.TOTL.ZS,,,,,,,,,,,,,,,,,,,,,,,,,,,,,,,,,,,,,,,,,,,,,,,,,,,,,,,,,,,,,,,,
Tanzania,TZA,"Unemployment, total (% of total labor force) (modeled ILO estimate)",SL.UEM.TOTL.ZS,,,,,,,,,,,,,,,,,,,,,,,,,,,,,,,,3.6,3735,4049,4026,3782,3532,3373,3316,3251,3152,2.99,3007,3027,3079,3177,3.3,3.02,2778,2.5,3047,3.47,3232,2.93,2.12,2129,2189,2251,2.34,2445,2.78,2866,2603,2556
Uganda,UGA,"Unemployment, total (% of total labor force) (modeled ILO estimate)",SL.UEM.TOTL.ZS,,,,,,,,,,,,,,,,,,,,,,,,,,,,,,,,3407,3535,3458,3425,3117,3094,3143,3402,3448,3535,3527,3.5,3.6,2688,1.9,2252,2.65,3007,3.6,3632,3512,3.55,1.91,2429,2793,3149,3.64,3382,3109,3812,3.42,2938,2851
Ukraine,UKR,"Unemployment, total (% of total labor force) (modeled ILO estimate)",SL.UEM.TOTL.ZS,,,,,,,,,,,,,,,,,,,,,,,,,,,,,,,,1.9,1.9,2,2,5.62,7.65,8.93,11.32,11.86,11.71,11.06,10.14,9.06,8.59,7.18,6.81,6.35,6.36,8.84,8.1,7.85,7.53,7.17,9.27,9.14,9.35,9.5,8.8,8.19,9.48,9.83,,
Upper middle income,UMC,"Unemployment, total (% of total labor force) (modeled ILO estimate)",SL.UEM.TOTL.ZS,,,,,,,,,,,,,,,,,,,,,,,,,,,,,,,,3.63352409332815,3.69862524628341,3.99084069911434,4.5242978353231,4.90210868342453,5.07616178743627,5.21823839082722,5.50722530823492,5.73763633717967,5.52385004245721,5.72275289166425,6.00411826526015,6.18393066629044,6.07707549644587,6.04177845756131,5.80502409552135,5.66896396938659,5.68379117972978,6.05816733771045,5.72831685601444,5.51436164816601,5.36240278089821,5.37059299406397,5.35187527732854,5.56710640668299,5.7652014656455,5.73039885056917,5.64874528440462,5.78524274775623,6.49906330240929,6.078043530451,5.72176950918829,5.4614936129421
Uruguay,URY,"Unemployment, total (% of total labor force) (modeled ILO estimate)",SL.UEM.TOTL.ZS,,,,,,,,,,,,,,,,,,,,,,,,,,,,,,,,8.95,8.96,8.35,9.04,10.02,11.93,11.44,9.36,10.47,12.63,15.05,16.65,16.66,12.98,12.01,10.84,9.4,8.03,7.74,7.16,6.31,6.45,6.44,6.55,7.49,7.84,7.89,8.34,8.73,10.33,9.29,7.87,8388
United States,USA,"Unemployment, total (% of total labor force) (modeled ILO estimate)",SL.UEM.TOTL.ZS,,,,,,,,,,,,,,,,,,,,,,,,,,,,,,,,6.8,7.5,6.9,6.12,5.65,5.45,5,4.51,4.22,3.99,4.73,5.78,5.99,5.53,5.08,4.62,4.62,5.78,9.25,9.63,8.95,8.07,7.37,6.17,5.28,4.87,4.36,3.9,3.67,8.05,5.35,3.65,3648
Uzbekistan,UZB,"Unemployment, total (% of total labor force) (modeled ILO estimate)",SL.UEM.TOTL.ZS,,,,,,,,,,,,,,,,,,,,,,,,,,,,,,,,1.9,2.9,4.9,7.3,7.8,10.7,10.9,13.3,13.3,12283,11.25,10218,9179,8.12,7069,6024,4.99,4.89,5.04,5.36,4.96,4.87,4.86,5.09,5.15,5.16,5.83,5379,4.92,5.29,5419,4507,4326
St. Vincent and the Grenadines,VCT,"Unemployment, total (% of total labor force) (modeled ILO estimate)",SL.UEM.TOTL.ZS,,,,,,,,,,,,,,,,,,,,,,,,,,,,,,,,19.77,19546,19665,19961,19988,20.33,20112,20506,20528,20794,21.1,20619,19972,19.53,19452,19153,18929,18.79,19368,19.93,20005,19819,19323,19203,19093,18979,18946,18931,19194,20678,20455,19554,18.59
"Venezuela, RB",VEN,"Unemployment, total (% of total labor force) (modeled ILO estimate)",SL.UEM.TOTL.ZS,,,,,,,,,,,,,,,,,,,,,,,,,,,,,,,,9.45,7.69,6.6,8.56,10.24,11.77,11.16,11.15,14.53,13.99,13.04,16.17,16.78,15.07,10.66,8.61,7.28,6.25,6.1,7.11,6.9,6.6,7.54,6798,6085,5.32,5.05,5512,5923,7.53,7133,5.62,5903
British Virgin Islands,VGB,"Unemployment, total (% of total labor force) (modeled ILO estimate)",SL.UEM.TOTL.ZS,,,,,,,,,,,,,,,,,,,,,,,,,,,,,,,,,,,,,,,,,,,,,,,,,,,,,,,,,,,,,,,,
Virgin Islands (U.S.),VIR,"Unemployment, total (% of total labor force) (modeled ILO estimate)",SL.UEM.TOTL.ZS,,,,,,,,,,,,,,,,,,,,,,,,,,,,,,,,11781,12064,12246,12.06,11631,11515,11281,11061,10687,10294,10.41,10646,10.95,10615,10553,10034,9814,9899,11196,11417,11713,11798,12254,12364,12.17,12284,12005,12207,12332,14687,14125,12856,12257
Viet Nam,VNM,"Unemployment, total (% of total labor force) (modeled ILO estimate)",SL.UEM.TOTL.ZS,,,,,,,,,,,,,,,,,,,,,,,,,,,,,,,,2198,2158,2069,1988,1964,1.93,2.87,2.29,2.33,2.26,2.76,2.12,2.25,2.14,2075,2045,2.03,1893,1.74,1.11,1,1.03,1.32,1.26,1.85,1.85,1.87,1.16,1.68,2.1,2.38,1.54,1654
Vanuatu,VUT,"Unemployment, total (% of total labor force) (modeled ILO estimate)",SL.UEM.TOTL.ZS,,,,,,,,,,,,,,,,,,,,,,,,,,,,,,,,8048,8021,8336,8167,8214,8.17,8292,8288,8347,8316,8.45,8618,8667,8439,8129,8.01,6853,5.66,4.56,4676,4808,4935,5041,5134,5239,5251,5282,5324,5.44,4.05,4789,5219,5228
World,WLD,"Unemployment, total (% of total labor force) (modeled ILO estimate)",SL.UEM.TOTL.ZS,,,,,,,,,,,,,,,,,,,,,,,,,,,,,,,,4.99007834006961,5.14294219285055,5.42346239812151,5.67814364721843,5.82791260617844,5.91437501485345,5.95687090546868,6.12830059870769,6.27169512240748,6.13749808215689,6.2284413598605,6.46726377016329,6.5736754949771,6.45327673430773,6.37390126974784,6.10276281916137,5.8969974499932,5.93174298930923,6.50886678594692,6.38454249326245,6.23952228446359,6.22565101517416,6.1636288498624,6.02223426160229,6.05502835885375,6.02130218151037,5.92975977452957,5.76869150934997,5.59154161386144,6.60327852428065,6.06410483115419,5.26747711496939,5.1231609116419
Samoa,WSM,"Unemployment, total (% of total labor force) (modeled ILO estimate)",SL.UEM.TOTL.ZS,,,,,,,,,,,,,,,,,,,,,,,,,,,,,,,,2.1,2435,2686,2994,3.24,3513,3779,4123,4481,4728,4.96,4982,5044,5166,5217,5323,5424,5533,5638,5.62,5.68,8.75,8768,8.72,8903,9.07,9.4,9503,9584,10374,10619,10036,9484
Kosovo,XKX,"Unemployment, total (% of total labor force) (modeled ILO estimate)",SL.UEM.TOTL.ZS,,,,,,,,,,,,,,,,,,,,,,,,,,,,,,,,,,,,,,,,,,,,,,,,,,,,,,,,,,,,,,,,
"Yemen, Rep.",YEM,"Unemployment, total (% of total labor force) (modeled ILO estimate)",SL.UEM.TOTL.ZS,,,,,,,,,,,,,,,,,,,,,,,,,,,,,,,,8184,8135,8.34,8.34,8986,9589,10224,10831,11.46,11564,11727,11845,12014,12133,12223,12355,12.49,12651,12.76,12793,13265,13425,13619,13.47,17.9,18341,18504,17.65,17.35,18.34,18647,17613,17533
South Africa,ZAF,"Unemployment, total (% of total labor force) (modeled ILO estimate)",SL.UEM.TOTL.ZS,,,,,,,,,,,,,,,,,,,,,,,,,,,,,,,,20543,20945,20819,20464,20032,19787,19836,20048,20204,20069,19887,19781,19882,19732,19608,19401,19342,19.51,20.51,23.18,21.42,21.79,22.04,22.61,22.87,24.02,23.99,24.22,25.54,24.34,28.77,28.84,28396
Zambia,ZMB,"Unemployment, total (% of total labor force) (modeled ILO estimate)",SL.UEM.TOTL.ZS,,,,,,,,,,,,,,,,,,,,,,,,,,,,,,,,18.9,19.63,19.7,18793,16847,15.3,13188,12,12507,12.93,13376,14133,14701,15337,15.9,13225,10552,7.93,10589,13.19,10554,7.85,8063,8137,8.34,8431,8.52,5.03,5.54,6.03,5.2,4374,4.22
Zimbabwe,ZWE,"Unemployment, total (% of total labor force) (modeled ILO estimate)",SL.UEM.TOTL.ZS,,,,,,,,,,,,,,,,,,,,,,,,,,,,,,,,4.75,4929,5007,4.96,5557,6123,6.93,6356,6,5683,5297,4994,4743,4.39,4665,4802,5073,5543,5617,5542,5.37,5.02,4932,4.77,5412,5918,6349,6767,7.37,8651,9.54,9256,9116
